Id,Source,Target,Type,Weight,Label,Revista,Persona,PersonaOriginalEnRevista
e1,revista:heraldo de la mujer,persona:adela astol,Undirected,1,Heraldo de la Mujer — Adela Astol (1),Heraldo de la Mujer,Adela Astol,Adela Astol
e2,revista:heraldo de la mujer,persona:afranio peixoto,Undirected,1,Heraldo de la Mujer — Afranio Peixoto (1),Heraldo de la Mujer,Afranio Peixoto,Afranio Peixoto
e3,revista:heraldo de la mujer,persona:alan seeger,Undirected,1,Heraldo de la Mujer — Alan Seeger (1),Heraldo de la Mujer,Alan Seeger,Alan Seeger
e4,revista:heraldo de la mujer,persona:alfredo gonzalez,Undirected,2,Heraldo de la Mujer — Alfredo González (2),Heraldo de la Mujer,Alfredo González,Alfredo González
e5,revista:heraldo de la mujer,persona:alvina van praet,Undirected,1,Heraldo de la Mujer — Alvina van Praet (1),Heraldo de la Mujer,Alvina van Praet,Alvina van Praet
e6,revista:heraldo de la mujer,persona:amado nervo,Undirected,2,Heraldo de la Mujer — Amado Nervo (2),Heraldo de la Mujer,Amado Nervo,Amado Nervo
e7,revista:heraldo de la mujer,persona:amalia garcia,Undirected,1,Heraldo de la Mujer — Amalia Garcia (1),Heraldo de la Mujer,Amalia Garcia,Amalia Garcia
e8,revista:heraldo de la mujer,persona:amenophis iii,Undirected,1,Heraldo de la Mujer — Amenophis III (1),Heraldo de la Mujer,Amenophis III,Amenophis III
e9,revista:heraldo de la mujer,persona:amenophis iv,Undirected,1,Heraldo de la Mujer — Amenophis IV (1),Heraldo de la Mujer,Amenophis IV,Amenophis IV
e10,revista:heraldo de la mujer,persona:amparo fernandez nater,Undirected,5,Heraldo de la Mujer — Amparo Fernández Náter (5),Heraldo de la Mujer,Amparo Fernández Náter,Amparo Fernández Náter
e11,revista:heraldo de la mujer,persona:ana c bernal,Undirected,1,Heraldo de la Mujer — Ana C. Bernal (1),Heraldo de la Mujer,Ana C. Bernal,Ana C. Bernal
e12,revista:heraldo de la mujer,persona:ana matilde gonzalez cuyar,Undirected,1,Heraldo de la Mujer — Ana Matilde Gonzalez Cuyar (1),Heraldo de la Mujer,Ana Matilde Gonzalez Cuyar,Ana Matilde Gonzalez Cuyar
e13,revista:heraldo de la mujer,persona:ana roque de duprey,Undirected,33,Heraldo de la Mujer — Ana Roqué de Duprey (33),Heraldo de la Mujer,Ana Roqué de Duprey,Ana Roqué de Duprey
e14,revista:heraldo de la mujer,persona:angel giorgetti,Undirected,1,Heraldo de la Mujer — Angel Giorgetti (1),Heraldo de la Mujer,Angel Giorgetti,Angel Giorgetti
e15,revista:heraldo de la mujer,persona:angel san padilla,Undirected,1,Heraldo de la Mujer — Angel San Padilla (1),Heraldo de la Mujer,Angel San Padilla,Angel San Padilla
e16,revista:heraldo de la mujer,persona:angelita c de mino,Undirected,1,Heraldo de la Mujer — Angelita C. de Miño (1),Heraldo de la Mujer,Angelita C. de Miño,Angelita C. de Miño
e17,revista:heraldo de la mujer,persona:annie besant,Undirected,1,Heraldo de la Mujer — Annie Besant (1),Heraldo de la Mujer,Annie Besant,Annie Besant
e18,revista:heraldo de la mujer,persona:antonio barcelo,Undirected,4,Heraldo de la Mujer — Antonio Barceló (4),Heraldo de la Mujer,Antonio Barceló,Antonio Barceló
e19,revista:heraldo de la mujer,persona:antonio otero,Undirected,1,Heraldo de la Mujer — Antonio Otero (1),Heraldo de la Mujer,Antonio Otero,Antonio Otero
e20,revista:heraldo de la mujer,persona:aristarco de samos,Undirected,2,Heraldo de la Mujer — Aristarco de Samos (2),Heraldo de la Mujer,Aristarco de Samos,Aristarco de Samos
e21,revista:heraldo de la mujer,persona:aristoteles,Undirected,2,Heraldo de la Mujer — Aristóteles (2),Heraldo de la Mujer,Aristóteles,Aristóteles
e22,revista:heraldo de la mujer,persona:armando d garcia,Undirected,1,Heraldo de la Mujer — Armando D. García (1),Heraldo de la Mujer,Armando D. García,Armando D. García
e23,revista:heraldo de la mujer,persona:arthur langdon,Undirected,4,Heraldo de la Mujer — Arthur Langdon (4),Heraldo de la Mujer,Arthur Langdon,Arthur Langdon
e24,revista:heraldo de la mujer,persona:avril de sainte-croix,Undirected,1,Heraldo de la Mujer — Avril de Sainte-Croix (1),Heraldo de la Mujer,Avril de Sainte-Croix,Avril de Sainte-Croix
e25,revista:heraldo de la mujer,persona:baron sonnino,Undirected,1,Heraldo de la Mujer — Barón Sonnino (1),Heraldo de la Mujer,Barón Sonnino,Barón Sonnino
e26,revista:heraldo de la mujer,persona:ben b lindsey,Undirected,3,Heraldo de la Mujer — Ben B. Lindsey (3),Heraldo de la Mujer,Ben B. Lindsey,Ben B. Lindsey
e27,revista:heraldo de la mujer,persona:blasco ibanez,Undirected,1,Heraldo de la Mujer — Blasco Ibáñez (1),Heraldo de la Mujer,Blasco Ibáñez,Blasco Ibáñez
e28,revista:heraldo de la mujer,persona:cambucha de sanchidrian,Undirected,1,Heraldo de la Mujer — Cambucha de Sanchidrián (1),Heraldo de la Mujer,Cambucha de Sanchidrián,Cambucha de Sanchidrián
e29,revista:heraldo de la mujer,persona:camille flammarion,Undirected,3,Heraldo de la Mujer — Camille Flammarion (3),Heraldo de la Mujer,Camille Flammarion,Camille Flammarion
e30,revista:heraldo de la mujer,persona:captain ravier,Undirected,1,Heraldo de la Mujer — Captain Ravier (1),Heraldo de la Mujer,Captain Ravier,Captain Ravier
e31,revista:heraldo de la mujer,persona:carlota mendez,Undirected,5,Heraldo de la Mujer — Carlota Mendez (5),Heraldo de la Mujer,Carlota Mendez,Carlota Mendez
e32,revista:heraldo de la mujer,persona:carmela eulate sanjurjo,Undirected,10,Heraldo de la Mujer — Carmela Eulate Sanjurjo (10),Heraldo de la Mujer,Carmela Eulate Sanjurjo,Carmela Eulate Sanjurjo
e33,revista:heraldo de la mujer,persona:carrie chapman catt,Undirected,1,Heraldo de la Mujer — Carrie Chapman Catt (1),Heraldo de la Mujer,Carrie Chapman Catt,Carrie Chapman Catt
e34,revista:heraldo de la mujer,persona:catherine breshkovsky,Undirected,2,Heraldo de la Mujer — Catherine Breshkovsky (2),Heraldo de la Mujer,Catherine Breshkovsky,Catherine Breshkovsky
e35,revista:heraldo de la mujer,persona:cayetano coll y toste,Undirected,2,Heraldo de la Mujer — Cayetano Coll y Toste (2),Heraldo de la Mujer,Cayetano Coll y Toste,Cayetano Coll y Toste
e36,revista:heraldo de la mujer,persona:concha melendez,Undirected,10,Heraldo de la Mujer — Concha Meléndez (10),Heraldo de la Mujer,Concha Meléndez,Concha Meléndez
e37,revista:heraldo de la mujer,persona:conde despara,Undirected,4,Heraldo de la Mujer — Conde Despara (4),Heraldo de la Mujer,Conde Despara,Conde Despara
e38,revista:heraldo de la mujer,persona:cosima liszt de wagner,Undirected,1,Heraldo de la Mujer — Cosima Liszt de Wagner (1),Heraldo de la Mujer,Cosima Liszt de Wagner,Cosima Liszt de Wagner
e39,revista:heraldo de la mujer,persona:david gray,Undirected,1,Heraldo de la Mujer — David Gray (1),Heraldo de la Mujer,David Gray,David Gray
e40,revista:heraldo de la mujer,persona:dolores bolio,Undirected,1,Heraldo de la Mujer — Dolores Bolio (1),Heraldo de la Mujer,Dolores Bolio,Dolores Bolio
e41,revista:heraldo de la mujer,persona:dora mayer,Undirected,1,Heraldo de la Mujer — Dora Mayer (1),Heraldo de la Mujer,Dora Mayer,Dora Mayer
e42,revista:heraldo de la mujer,persona:dr janer,Undirected,1,Heraldo de la Mujer — Dr. Janer (1),Heraldo de la Mujer,Dr. Janer,Dr. Janer
e43,revista:heraldo de la mujer,persona:eduardo alberto principe de gales,Undirected,1,Heraldo de la Mujer — Eduardo Alberto (Príncipe de Gales) (1),Heraldo de la Mujer,Eduardo Alberto (Príncipe de Gales),Eduardo Alberto (Príncipe de Gales)
e44,revista:heraldo de la mujer,persona:enrico caruso,Undirected,1,Heraldo de la Mujer — Enrico Caruso (1),Heraldo de la Mujer,Enrico Caruso,Enrico Caruso
e45,revista:heraldo de la mujer,persona:esopo,Undirected,1,Heraldo de la Mujer — Esopo (1),Heraldo de la Mujer,Esopo,Esopo
e46,revista:heraldo de la mujer,persona:essad pasha,Undirected,1,Heraldo de la Mujer — Essad Pasha (1),Heraldo de la Mujer,Essad Pasha,Essad Pasha
e47,revista:heraldo de la mujer,persona:eugenio maria de hostos,Undirected,2,Heraldo de la Mujer — Eugenio María de Hostos (2),Heraldo de la Mujer,Eugenio María de Hostos,Eugenio María de Hostos
e48,revista:heraldo de la mujer,persona:federico santander,Undirected,2,Heraldo de la Mujer — Federico Santander (2),Heraldo de la Mujer,Federico Santander,Federico Santander
e49,revista:heraldo de la mujer,persona:fidela m de rodriguez,Undirected,2,Heraldo de la Mujer — Fidela M. de Rodríguez (2),Heraldo de la Mujer,Fidela M. de Rodríguez,Fidela M. de Rodríguez
e50,revista:heraldo de la mujer,persona:francis jammes,Undirected,2,Heraldo de la Mujer — Francis Jammes (2),Heraldo de la Mujer,Francis Jammes,Francis Jammes
e51,revista:heraldo de la mujer,persona:francisco gonzalez fagundo,Undirected,2,Heraldo de la Mujer — Francisco González Fagundo (2),Heraldo de la Mujer,Francisco González Fagundo,Francisco González Fagundo
e52,revista:heraldo de la mujer,persona:frieda von buelow,Undirected,2,Heraldo de la Mujer — Frieda von Buelow (2),Heraldo de la Mujer,Frieda von Buelow,Frieda von Buelow
e53,revista:heraldo de la mujer,persona:friedrich nietzsche,Undirected,1,Heraldo de la Mujer — Friedrich Nietzsche (1),Heraldo de la Mujer,Friedrich Nietzsche,Friedrich Nietzsche
e54,revista:heraldo de la mujer,persona:frederic chopin,Undirected,4,Heraldo de la Mujer — Frédéric Chopin (4),Heraldo de la Mujer,Frédéric Chopin,Frédéric Chopin
e55,revista:heraldo de la mujer,persona:garrigou lagrange,Undirected,1,Heraldo de la Mujer — Garrigou Lagrange (1),Heraldo de la Mujer,Garrigou Lagrange,Garrigou Lagrange
e56,revista:heraldo de la mujer,persona:george brandes,Undirected,1,Heraldo de la Mujer — George Brandes (1),Heraldo de la Mujer,George Brandes,George Brandes
e57,revista:heraldo de la mujer,persona:georges clemenceau,Undirected,2,Heraldo de la Mujer — Georges Clemenceau (2),Heraldo de la Mujer,Georges Clemenceau,Georges Clemenceau
e58,revista:heraldo de la mujer,persona:geraldine maud froscher,Undirected,5,Heraldo de la Mujer — Geraldine Maud Froscher (5),Heraldo de la Mujer,Geraldine Maud Froscher,Geraldine Maud Froscher
e59,revista:heraldo de la mujer,persona:gomez carrillo,Undirected,1,Heraldo de la Mujer — Gomez Carrillo (1),Heraldo de la Mujer,Gomez Carrillo,Gomez Carrillo
e60,revista:heraldo de la mujer,persona:greta winslow,Undirected,1,Heraldo de la Mujer — Greta Winslow (1),Heraldo de la Mujer,Greta Winslow,Greta Winslow
e61,revista:heraldo de la mujer,persona:helen h gardener,Undirected,3,Heraldo de la Mujer — Helen H. Gardener (3),Heraldo de la Mujer,Helen H. Gardener,Helen H. Gardener
e62,revista:heraldo de la mujer,persona:herbert hoover,Undirected,2,Heraldo de la Mujer — Herbert Hoover (2),Heraldo de la Mujer,Herbert Hoover,Herbert Hoover
e63,revista:heraldo de la mujer,persona:hermilia galindo,Undirected,2,Heraldo de la Mujer — Hermilia Galindo (2),Heraldo de la Mujer,Hermilia Galindo,Hermilia Galindo
e64,revista:heraldo de la mujer,persona:isern benitez,Undirected,1,Heraldo de la Mujer — Isern Benítez (1),Heraldo de la Mujer,Isern Benítez,Isern Benítez
e65,revista:heraldo de la mujer,persona:isolina del toro,Undirected,1,Heraldo de la Mujer — Isolina del Toro (1),Heraldo de la Mujer,Isolina del Toro,Isolina del Toro
e66,revista:heraldo de la mujer,persona:john ruskin,Undirected,1,Heraldo de la Mujer — John Ruskin (1),Heraldo de la Mujer,John Ruskin,John Ruskin
e67,revista:heraldo de la mujer,persona:josefa aguayo de ventura,Undirected,2,Heraldo de la Mujer — Josefa Aguayo de Ventura (2),Heraldo de la Mujer,Josefa Aguayo de Ventura,Josefa Aguayo de Ventura
e68,revista:heraldo de la mujer,persona:joseph lockyer,Undirected,1,Heraldo de la Mujer — Joseph Lockyer (1),Heraldo de la Mujer,Joseph Lockyer,Joseph Lockyer
e69,revista:heraldo de la mujer,persona:jose de diego,Undirected,2,Heraldo de la Mujer — José de Diego (2),Heraldo de la Mujer,José de Diego,José de Diego
e70,revista:heraldo de la mujer,persona:julia reyes ruiz,Undirected,1,Heraldo de la Mujer — Julia Reyes Ruiz (1),Heraldo de la Mujer,Julia Reyes Ruiz,Julia Reyes Ruiz
e71,revista:heraldo de la mujer,persona:julie siegfried,Undirected,1,Heraldo de la Mujer — Julie Siegfried (1),Heraldo de la Mujer,Julie Siegfried,Julie Siegfried
e72,revista:heraldo de la mujer,persona:juliet barrett rublee,Undirected,1,Heraldo de la Mujer — Juliet Barrett Rublee (1),Heraldo de la Mujer,Juliet Barrett Rublee,Juliet Barrett Rublee
e73,revista:heraldo de la mujer,persona:komako kimura,Undirected,1,Heraldo de la Mujer — Komako Kimura (1),Heraldo de la Mujer,Komako Kimura,Komako Kimura
e74,revista:heraldo de la mujer,persona:lloyd george,Undirected,2,Heraldo de la Mujer — Lloyd George (2),Heraldo de la Mujer,Lloyd George,Lloyd George
e75,revista:heraldo de la mujer,persona:lola rodriguez de tio,Undirected,1,Heraldo de la Mujer — Lola Rodríguez de Tió (1),Heraldo de la Mujer,Lola Rodríguez de Tió,Lola Rodríguez de Tió
e76,revista:heraldo de la mujer,persona:lolita roque cepero,Undirected,1,Heraldo de la Mujer — Lolita Roqué Cepero (1),Heraldo de la Mujer,Lolita Roqué Cepero,Lolita Roqué Cepero
e77,revista:heraldo de la mujer,persona:louise weiss,Undirected,1,Heraldo de la Mujer — Louise Weiss (1),Heraldo de la Mujer,Louise Weiss,Louise Weiss
e78,revista:heraldo de la mujer,persona:luisa amelia de hostos,Undirected,3,Heraldo de la Mujer — Luisa Amelia de Hostos (3),Heraldo de la Mujer,Luisa Amelia de Hostos,Luisa Amelia de Hostos
e79,revista:heraldo de la mujer,persona:manuel del valle atiles,Undirected,1,Heraldo de la Mujer — Manuel del Valle Atiles (1),Heraldo de la Mujer,Manuel del Valle Atiles,Manuel del Valle Atiles
e80,revista:heraldo de la mujer,persona:marcelino sola,Undirected,1,Heraldo de la Mujer — Marcelino Solá (1),Heraldo de la Mujer,Marcelino Solá,Marcelino Solá
e81,revista:heraldo de la mujer,persona:margarita perez de celis,Undirected,2,Heraldo de la Mujer — Margarita Pérez de Celis (2),Heraldo de la Mujer,Margarita Pérez de Celis,Margarita Pérez de Celis
e82,revista:heraldo de la mujer,persona:maria barrera,Undirected,1,Heraldo de la Mujer — Maria Barrera (1),Heraldo de la Mujer,Maria Barrera,Maria Barrera
e83,revista:heraldo de la mujer,persona:maria de maeztu,Undirected,1,Heraldo de la Mujer — Maria de Maeztu (1),Heraldo de la Mujer,Maria de Maeztu,Maria de Maeztu
e84,revista:heraldo de la mujer,persona:maria vilarini,Undirected,1,Heraldo de la Mujer — Maria Vilarini (1),Heraldo de la Mujer,Maria Vilarini,Maria Vilarini
e85,revista:heraldo de la mujer,persona:marie bonnevial,Undirected,3,Heraldo de la Mujer — Marie Bonnevial (3),Heraldo de la Mujer,Marie Bonnevial,Marie Bonnevial
e86,revista:heraldo de la mujer,persona:maria angelina de hostos,Undirected,1,Heraldo de la Mujer — María Angelina de Hostos (1),Heraldo de la Mujer,María Angelina de Hostos,María Angelina de Hostos
e87,revista:heraldo de la mujer,persona:miguel guerra,Undirected,1,Heraldo de la Mujer — Miguel Guerra (1),Heraldo de la Mujer,Miguel Guerra,Miguel Guerra
e88,revista:heraldo de la mujer,persona:miles poindexter,Undirected,3,Heraldo de la Mujer — Miles Poindexter (3),Heraldo de la Mujer,Miles Poindexter,Miles Poindexter
e89,revista:heraldo de la mujer,persona:mme pronsard,Undirected,1,Heraldo de la Mujer — Mme. Pronsard (1),Heraldo de la Mujer,Mme. Pronsard,Mme. Pronsard
e90,revista:heraldo de la mujer,persona:mme ravier,Undirected,1,Heraldo de la Mujer — Mme. Ravier (1),Heraldo de la Mujer,Mme. Ravier,Mme. Ravier
e91,revista:heraldo de la mujer,persona:monsenor jones,Undirected,1,Heraldo de la Mujer — Monseñor Jones (1),Heraldo de la Mujer,Monseñor Jones,Monseñor Jones
e92,revista:heraldo de la mujer,persona:munoz rivera,Undirected,2,Heraldo de la Mujer — Muñoz Rivera (2),Heraldo de la Mujer,Muñoz Rivera,Muñoz Rivera
e93,revista:heraldo de la mujer,persona:nicole oresme,Undirected,2,Heraldo de la Mujer — Nicole Oresme (2),Heraldo de la Mujer,Nicole Oresme,Nicole Oresme
e94,revista:heraldo de la mujer,persona:nicolas copernico,Undirected,2,Heraldo de la Mujer — Nicolás Copérnico (2),Heraldo de la Mujer,Nicolás Copérnico,Nicolás Copérnico
e95,revista:heraldo de la mujer,persona:paul margueritte,Undirected,1,Heraldo de la Mujer — Paul Margueritte (1),Heraldo de la Mujer,Paul Margueritte,Paul Margueritte
e96,revista:heraldo de la mujer,persona:paulina luisi,Undirected,1,Heraldo de la Mujer — Paulina Luisi (1),Heraldo de la Mujer,Paulina Luisi,Paulina Luisi
e97,revista:heraldo de la mujer,persona:pedro giusti,Undirected,1,Heraldo de la Mujer — Pedro Giusti (1),Heraldo de la Mujer,Pedro Giusti,Pedro Giusti
e98,revista:heraldo de la mujer,persona:petra quijano,Undirected,1,Heraldo de la Mujer — Petra Quijano (1),Heraldo de la Mujer,Petra Quijano,Petra Quijano
e99,revista:heraldo de la mujer,persona:prentice mulford,Undirected,1,Heraldo de la Mujer — Prentice Mulford (1),Heraldo de la Mujer,Prentice Mulford,Prentice Mulford
e100,revista:heraldo de la mujer,persona:quintin negron sanjurjo,Undirected,1,Heraldo de la Mujer — Quintín Negrón Sanjurjo (1),Heraldo de la Mujer,Quintín Negrón Sanjurjo,Quintín Negrón Sanjurjo
e101,revista:heraldo de la mujer,persona:rafael del valle,Undirected,1,Heraldo de la Mujer — Rafael del Valle (1),Heraldo de la Mujer,Rafael del Valle,Rafael del Valle
e102,revista:heraldo de la mujer,persona:reina hatsepsut,Undirected,1,Heraldo de la Mujer — Reina Hatsepsut (1),Heraldo de la Mujer,Reina Hatsepsut,Reina Hatsepsut
e103,revista:heraldo de la mujer,persona:reina thyi,Undirected,1,Heraldo de la Mujer — Reina Thyi (1),Heraldo de la Mujer,Reina Thyi,Reina Thyi
e104,revista:heraldo de la mujer,persona:rodolfo gautier,Undirected,1,Heraldo de la Mujer — Rodolfo Gautier (1),Heraldo de la Mujer,Rodolfo Gautier,Rodolfo Gautier
e105,revista:heraldo de la mujer,persona:rosa rotherberg,Undirected,1,Heraldo de la Mujer — Rosa Rotherberg (1),Heraldo de la Mujer,Rosa Rotherberg,Rosa Rotherberg
e106,revista:heraldo de la mujer,persona:rosalia de castro,Undirected,1,Heraldo de la Mujer — Rosalia de Castro (1),Heraldo de la Mujer,Rosalia de Castro,Rosalia de Castro
e107,revista:heraldo de la mujer,persona:salvador brau,Undirected,1,Heraldo de la Mujer — Salvador Brau (1),Heraldo de la Mujer,Salvador Brau,Salvador Brau
e108,revista:heraldo de la mujer,persona:samuel smiles,Undirected,2,Heraldo de la Mujer — Samuel Smiles (2),Heraldo de la Mujer,Samuel Smiles,Samuel Smiles
e109,revista:heraldo de la mujer,persona:santiago alba,Undirected,1,Heraldo de la Mujer — Santiago Alba (1),Heraldo de la Mujer,Santiago Alba,Santiago Alba
e110,revista:heraldo de la mujer,persona:santo tomas de aquino,Undirected,2,Heraldo de la Mujer — Santo Tomás de Aquino (2),Heraldo de la Mujer,Santo Tomás de Aquino,Santo Tomás de Aquino
e111,revista:heraldo de la mujer,persona:santos sanchidrian,Undirected,1,Heraldo de la Mujer — Santos Sanchidrián (1),Heraldo de la Mujer,Santos Sanchidrián,Santos Sanchidrián
e112,revista:heraldo de la mujer,persona:sergio cuevas zequeira,Undirected,1,Heraldo de la Mujer — Sergio Cuevas Zequeira (1),Heraldo de la Mujer,Sergio Cuevas Zequeira,Sergio Cuevas Zequeira
e113,revista:heraldo de la mujer,persona:sisila de astol,Undirected,1,Heraldo de la Mujer — Sisila de Astol (1),Heraldo de la Mujer,Sisila de Astol,Sisila de Astol
e114,revista:heraldo de la mujer,persona:souza sales,Undirected,1,Heraldo de la Mujer — Souza Sales (1),Heraldo de la Mujer,Souza Sales,Souza Sales
e115,revista:heraldo de la mujer,persona:sr o'neil,Undirected,1,Heraldo de la Mujer — Sr. O'Neil (1),Heraldo de la Mujer,Sr. O'Neil,Sr. O'Neil
e116,revista:heraldo de la mujer,persona:sr vicenty,Undirected,1,Heraldo de la Mujer — Sr. Vicenty (1),Heraldo de la Mujer,Sr. Vicenty,Sr. Vicenty
e117,revista:heraldo de la mujer,persona:sra arias de delgado,Undirected,1,Heraldo de la Mujer — Sra. Arias de Delgado (1),Heraldo de la Mujer,Sra. Arias de Delgado,Sra. Arias de Delgado
e118,revista:heraldo de la mujer,persona:sra storrer de lago,Undirected,1,Heraldo de la Mujer — Sra. Storrer de Lago (1),Heraldo de la Mujer,Sra. Storrer de Lago,Sra. Storrer de Lago
e119,revista:heraldo de la mujer,persona:teodoro aguilar,Undirected,2,Heraldo de la Mujer — Teodoro Aguilar (2),Heraldo de la Mujer,Teodoro Aguilar,Teodoro Aguilar
e120,revista:heraldo de la mujer,persona:tous soto,Undirected,4,Heraldo de la Mujer — Tous Soto (4),Heraldo de la Mujer,Tous Soto,Tous Soto
e121,revista:heraldo de la mujer,persona:u s fawcett,Undirected,1,Heraldo de la Mujer — U. S. Fawcett (1),Heraldo de la Mujer,U. S. Fawcett,U. S. Fawcett
e122,revista:heraldo de la mujer,persona:vicente pales,Undirected,1,Heraldo de la Mujer — Vicente Palés (1),Heraldo de la Mujer,Vicente Palés,Vicente Palés
e123,revista:heraldo de la mujer,persona:vincenzo bellini,Undirected,1,Heraldo de la Mujer — Vincenzo Bellini (1),Heraldo de la Mujer,Vincenzo Bellini,Vincenzo Bellini
e124,revista:heraldo de la mujer,persona:voltaire,Undirected,1,Heraldo de la Mujer — Voltaire (1),Heraldo de la Mujer,Voltaire,Voltaire
e125,revista:heraldo de la mujer,persona:warren harding,Undirected,1,Heraldo de la Mujer — Warren Harding (1),Heraldo de la Mujer,Warren Harding,Warren Harding
e126,revista:heraldo de la mujer,persona:william penn,Undirected,1,Heraldo de la Mujer — William Penn (1),Heraldo de la Mujer,William Penn,William Penn
e127,revista:heraldo de la mujer,persona:william ramsay,Undirected,1,Heraldo de la Mujer — William Ramsay (1),Heraldo de la Mujer,William Ramsay,William Ramsay
e128,revista:heraldo de la mujer,persona:william taft,Undirected,1,Heraldo de la Mujer — William Taft (1),Heraldo de la Mujer,William Taft,William Taft
e129,revista:heraldo de la mujer,persona:wolfgang amadeus mozart,Undirected,1,Heraldo de la Mujer — Wolfgang Amadeus Mozart (1),Heraldo de la Mujer,Wolfgang Amadeus Mozart,Wolfgang Amadeus Mozart
e130,revista:heraldo de la mujer,persona:woodrow wilson,Undirected,7,Heraldo de la Mujer — Woodrow Wilson (7),Heraldo de la Mujer,Woodrow Wilson,Woodrow Wilson
e131,revista:heraldo de la mujer,persona:y c mccandless,Undirected,1,Heraldo de la Mujer — Y. C. McCandless (1),Heraldo de la Mujer,Y. C. McCandless,Y. C. McCandless
e132,revista:fémina,persona:a scaroina,Undirected,1,Fémina — A. Scaroina (1),Fémina,A. Scaroina,A. Scaroina
e133,revista:fémina,persona:adolfo a nouel,Undirected,3,Fémina — Adolfo A. Nouel (3),Fémina,Adolfo A. Nouel,Adolfo A. Nouel
e134,revista:fémina,persona:alejandro cabrera reyes,Undirected,1,Fémina — Alejandro Cabrera Reyes (1),Fémina,Alejandro Cabrera Reyes,Alejandro Cabrera Reyes
e135,revista:fémina,persona:alfonsina m de rodriguez,Undirected,1,Fémina — Alfonsina M. de Rodríguez (1),Fémina,Alfonsina M. de Rodríguez,Alfonsina M. de Rodríguez
e136,revista:fémina,persona:alfonsina storni,Undirected,1,Fémina — Alfonsina Storni (1),Fémina,Alfonsina Storni,Alfonsina Storni
e137,revista:fémina,persona:alfonso,Undirected,1,Fémina — Alfonso (1),Fémina,Alfonso,Alfonso
e138,revista:fémina,persona:altagracia savinon,Undirected,1,Fémina — Altagracia Saviñón (1),Fémina,Altagracia Saviñón,Altagracia Saviñón
e139,revista:fémina,persona:amparito herrera,Undirected,3,Fémina — Amparito Herrera (3),Fémina,Amparito Herrera,Amparito Herrera
e140,revista:fémina,persona:america de moya,Undirected,1,Fémina — América de Moya (1),Fémina,América de Moya,América de Moya
e141,revista:fémina,persona:andres avelino,Undirected,1,Fémina — Andrés Avelino (1),Fémina,Andrés Avelino,Andrés Avelino
e142,revista:fémina,persona:antonio elmudesi,Undirected,1,Fémina — Antonio Elmudesi (1),Fémina,Antonio Elmudesi,Antonio Elmudesi
e143,revista:fémina,persona:antonio julian hac,Undirected,1,Fémina — Antonio Julián Hac (1),Fémina,Antonio Julián Hac,Antonio Julián Hac
e144,revista:fémina,persona:antonio valdez hijo,Undirected,3,Fémina — Antonio Valdez hijo (3),Fémina,Antonio Valdez hijo,Antonio Valdez hijo
e145,revista:fémina,persona:armando moreaux,Undirected,1,Fémina — Armando Moreaux (1),Fémina,Armando Moreaux,Armando Moreaux
e146,revista:fémina,persona:armando oscar,Undirected,8,Fémina — Armando Oscar (8),Fémina,Armando Oscar,Armando Oscar
e147,revista:fémina,persona:arsenio perdiguero,Undirected,2,Fémina — Arsenio Perdiguero (2),Fémina,Arsenio Perdiguero,Arsenio Perdiguero
e148,revista:fémina,persona:arturo pellerano alfau,Undirected,1,Fémina — Arturo Pellerano Alfau (1),Fémina,Arturo Pellerano Alfau,Arturo Pellerano Alfau
e149,revista:fémina,persona:aristides garcia mella,Undirected,2,Fémina — Arístides García Mella (2),Fémina,Arístides García Mella,Arístides García Mella
e150,revista:fémina,persona:atenas richiez,Undirected,1,Fémina — Atenas Richiez (1),Fémina,Atenas Richiez,Atenas Richiez
e151,revista:fémina,persona:augusto emilio,Undirected,1,Fémina — Augusto Emilio (1),Fémina,Augusto Emilio,Augusto Emilio
e152,revista:fémina,persona:b portela alvarez,Undirected,12,Fémina — B. Portela Alvarez (12),Fémina,B. Portela Alvarez,B. Portela Alvarez
e153,revista:fémina,persona:beatriz del dante,Undirected,1,Fémina — Beatriz del Dante (1),Fémina,Beatriz del Dante,Beatriz del Dante
e154,revista:fémina,persona:belen a de duran,Undirected,1,Fémina — Belén A. de Durán (1),Fémina,Belén A. de Durán,Belén A. de Durán
e155,revista:fémina,persona:benedetto giuseppe virilli,Undirected,1,Fémina — Benedetto Giuseppe Virilli (1),Fémina,Benedetto Giuseppe Virilli,Benedetto Giuseppe Virilli
e156,revista:fémina,persona:blanca rodriguez,Undirected,1,Fémina — Blanca Rodríguez (1),Fémina,Blanca Rodríguez,Blanca Rodríguez
e157,revista:fémina,persona:carlos b leonor,Undirected,2,Fémina — Carlos B. Leonor (2),Fémina,Carlos B. Leonor,Carlos B. Leonor
e158,revista:fémina,persona:carmelita morales,Undirected,1,Fémina — Carmelita Morales (1),Fémina,Carmelita Morales,Carmelita Morales
e159,revista:fémina,persona:carmen espinet,Undirected,1,Fémina — Carmen Espinet (1),Fémina,Carmen Espinet,Carmen Espinet
e160,revista:fémina,persona:celina l de gonzalez,Undirected,2,Fémina — Celina L. de González (2),Fémina,Celina L. de González,Celina L. de González
e161,revista:fémina,persona:celina regel gilson,Undirected,1,Fémina — Celina Regel Gilson (1),Fémina,Celina Regel Gilson,Celina Regel Gilson
e162,revista:fémina,persona:cheita ricart,Undirected,1,Fémina — Cheita Ricart (1),Fémina,Cheita Ricart,Cheita Ricart
e163,revista:fémina,persona:clemencia merval,Undirected,1,Fémina — Clemencia Merval (1),Fémina,Clemencia Merval,Clemencia Merval
e164,revista:fémina,persona:constantino valero,Undirected,1,Fémina — Constantino Valero (1),Fémina,Constantino Valero,Constantino Valero
e165,revista:fémina,persona:consuelo montalvo de frias,Undirected,64,Fémina — Consuelo Montalvo de Frías (64),Fémina,Consuelo Montalvo de Frías,Consuelo Montalvo de Frías
e166,revista:fémina,persona:corza espinet,Undirected,1,Fémina — Corza Espinet (1),Fémina,Corza Espinet,Corza Espinet
e167,revista:fémina,persona:cruz maria prince,Undirected,1,Fémina — Cruz María Prince (1),Fémina,Cruz María Prince,Cruz María Prince
e168,revista:fémina,persona:candida richiez,Undirected,2,Fémina — Cándida Richiez (2),Fémina,Cándida Richiez,Cándida Richiez
e169,revista:fémina,persona:daniel gonzalez,Undirected,1,Fémina — Daniel González (1),Fémina,Daniel González,Daniel González
e170,revista:fémina,persona:delcilida fiallo,Undirected,1,Fémina — Delcilida Fiallo (1),Fémina,Delcilida Fiallo,Delcilida Fiallo
e171,revista:fémina,persona:delia dubot,Undirected,2,Fémina — Delia Dubot (2),Fémina,Delia Dubot,Delia Dubot
e172,revista:fémina,persona:delia m weber,Undirected,10,Fémina — Delia M. Weber (10),Fémina,Delia M. Weber,Delia M. Weber
e173,revista:fémina,persona:delia sasso,Undirected,1,Fémina — Delia Sasso (1),Fémina,Delia Sasso,Delia Sasso
e174,revista:fémina,persona:dimas frias,Undirected,4,Fémina — Dimas Frías (4),Fémina,Dimas Frías,Dimas Frías
e175,revista:fémina,persona:dulce maria borrero de lujan,Undirected,2,Fémina — Dulce María Borrero de Luján (2),Fémina,Dulce María Borrero de Luján,Dulce María Borrero de Luján
e176,revista:fémina,persona:e valdes,Undirected,1,Fémina — E. Valdés (1),Fémina,E. Valdés,E. Valdés
e177,revista:fémina,persona:edmundo saint-denis,Undirected,1,Fémina — Edmundo Saint-Denis (1),Fémina,Edmundo Saint-Denis,Edmundo Saint-Denis
e178,revista:fémina,persona:eduvigis rosas,Undirected,3,Fémina — Eduvigis Rosas (3),Fémina,Eduvigis Rosas,Eduvigis Rosas
e179,revista:fémina,persona:elena arizmendi duersch,Undirected,5,Fémina — Elena Arizmendi Duersch (5),Fémina,Elena Arizmendi Duersch,Elena Arizmendi Duersch
e180,revista:fémina,persona:elie faure,Undirected,1,Fémina — Elie Faure (1),Fémina,Elie Faure,Elie Faure
e181,revista:fémina,persona:emiliano tejera,Undirected,2,Fémina — Emiliano Tejera (2),Fémina,Emiliano Tejera,Emiliano Tejera
e182,revista:fémina,persona:emilio a morel,Undirected,7,Fémina — Emilio A. Morel (7),Fémina,Emilio A. Morel,Emilio A. Morel
e183,revista:fémina,persona:emilio benedicto,Undirected,1,Fémina — Emilio Benedicto (1),Fémina,Emilio Benedicto,Emilio Benedicto
e184,revista:fémina,persona:enrique cambier,Undirected,6,Fémina — Enrique Cambier (6),Fémina,Enrique Cambier,Enrique Cambier
e185,revista:fémina,persona:enrique montano hijo,Undirected,1,Fémina — Enrique Montano Hijo (1),Fémina,Enrique Montano Hijo,Enrique Montano Hijo
e186,revista:fémina,persona:enriqueta maggiolo de cruzado,Undirected,22,Fémina — Enriqueta Maggiolo de Cruzado (22),Fémina,Enriqueta Maggiolo de Cruzado,Enriqueta Maggiolo de Cruzado
e187,revista:fémina,persona:ernestina gomez perez,Undirected,1,Fémina — Ernestina Gómez Pérez (1),Fémina,Ernestina Gómez Pérez,Ernestina Gómez Pérez
e188,revista:fémina,persona:eugenio deschamps,Undirected,1,Fémina — Eugenio Deschamps (1),Fémina,Eugenio Deschamps,Eugenio Deschamps
e189,revista:fémina,persona:evangelina adams,Undirected,1,Fémina — Evangelina Adams (1),Fémina,Evangelina Adams,Evangelina Adams
e190,revista:fémina,persona:evangelina rodriguez,Undirected,6,Fémina — Evangelina Rodríguez (6),Fémina,Evangelina Rodríguez,Evangelina Rodríguez
e191,revista:fémina,persona:fabio fiallo,Undirected,6,Fémina — Fabio Fiallo (6),Fémina,Fabio Fiallo,Fabio Fiallo
e192,revista:fémina,persona:fabiola cano sone,Undirected,1,Fémina — Fabiola Cano Soñé (1),Fémina,Fabiola Cano Soñé,Fabiola Cano Soñé
e193,revista:fémina,persona:fe mesina,Undirected,1,Fémina — Fe Mesina (1),Fémina,Fe Mesina,Fe Mesina
e194,revista:fémina,persona:federico henriquez y carvajal,Undirected,10,Fémina — Federico Henríquez y Carvajal (10),Fémina,Federico Henríquez y Carvajal,Federico Henríquez y Carvajal
e195,revista:fémina,persona:fedora pellerano,Undirected,1,Fémina — Fedora Pellerano (1),Fémina,Fedora Pellerano,Fedora Pellerano
e196,revista:fémina,persona:felipe de j espinosa,Undirected,1,Fémina — Felipe de J. Espinosa (1),Fémina,Felipe de J. Espinosa,Felipe de J. Espinosa
e197,revista:fémina,persona:felipe rincon g,Undirected,1,Fémina — Felipe Rincón G. (1),Fémina,Felipe Rincón G.,Felipe Rincón G.
e198,revista:fémina,persona:felix m perez,Undirected,8,Fémina — Félix M. Pérez (8),Fémina,Félix M. Pérez,Félix M. Pérez
e199,revista:fémina,persona:genarina polanco,Undirected,1,Fémina — Genarina Polanco (1),Fémina,Genarina Polanco,Genarina Polanco
e200,revista:fémina,persona:genivera prince,Undirected,2,Fémina — Genivera Prince (2),Fémina,Genivera Prince,Genivera Prince
e201,revista:fémina,persona:giovanni campa,Undirected,1,Fémina — Giovanni Campa (1),Fémina,Giovanni Campa,Giovanni Campa
e202,revista:fémina,persona:gladys e de los santos n,Undirected,2,Fémina — Gladys E. de los Santos N. (2),Fémina,Gladys E. de los Santos N.,Gladys E. de los Santos N.
e203,revista:fémina,persona:gloria faxas,Undirected,2,Fémina — Gloria Faxas (2),Fémina,Gloria Faxas,Gloria Faxas
e204,revista:fémina,persona:godofredo canino,Undirected,2,Fémina — Godofredo Canino (2),Fémina,Godofredo Canino,Godofredo Canino
e205,revista:fémina,persona:i h ducoudray,Undirected,1,Fémina — I. H. Ducoudray (1),Fémina,I. H. Ducoudray,I. H. Ducoudray
e206,revista:fémina,persona:irene baez de herrera,Undirected,1,Fémina — Irene Báez de Herrera (1),Fémina,Irene Báez de Herrera,Irene Báez de Herrera
e207,revista:fémina,persona:isabel amechazurra vda pellerano,Undirected,17,Fémina — Isabel Amechazurra Vda. Pellerano (17),Fémina,Isabel Amechazurra Vda. Pellerano,Isabel Amechazurra Vda. Pellerano
e208,revista:fémina,persona:isabel espinet,Undirected,1,Fémina — Isabel Espinet (1),Fémina,Isabel Espinet,Isabel Espinet
e209,revista:fémina,persona:j m muxo,Undirected,1,Fémina — J. M. Muxó (1),Fémina,J. M. Muxó,J. M. Muxó
e210,revista:fémina,persona:j perez lozada,Undirected,1,Fémina — J. Pérez Lozada (1),Fémina,J. Pérez Lozada,J. Pérez Lozada
e211,revista:fémina,persona:joaquin ma bobea,Undirected,9,Fémina — Joaquín Ma. Bobea (9),Fémina,Joaquín Ma. Bobea,Joaquín Ma. Bobea
e212,revista:fémina,persona:joaquin s inchanstegui,Undirected,2,Fémina — Joaquín S. Inchanstegui (2),Fémina,Joaquín S. Inchanstegui,Joaquín S. Inchanstegui
e213,revista:fémina,persona:jorge cuesta,Undirected,2,Fémina — Jorge Cuesta (2),Fémina,Jorge Cuesta,Jorge Cuesta
e214,revista:fémina,persona:jorge pou,Undirected,1,Fémina — Jorge Pou (1),Fémina,Jorge Pou,Jorge Pou
e215,revista:fémina,persona:jose maria caminero,Undirected,1,Fémina — Jose Maria Caminero (1),Fémina,Jose Maria Caminero,Jose Maria Caminero
e216,revista:fémina,persona:jose zuniga,Undirected,1,Fémina — Jose Zuniga (1),Fémina,Jose Zuniga,Jose Zuniga
e217,revista:fémina,persona:jose antonio jimenez,Undirected,1,Fémina — José Antonio Jiménez (1),Fémina,José Antonio Jiménez,José Antonio Jiménez
e218,revista:fémina,persona:jose de j nunez y dominguez,Undirected,1,Fémina — José de J. Núñez y Domínguez (1),Fémina,José de J. Núñez y Domínguez,José de J. Núñez y Domínguez
e219,revista:fémina,persona:jose de jesus frometa,Undirected,1,Fémina — José de Jesús Frómeta (1),Fémina,José de Jesús Frómeta,José de Jesús Frómeta
e220,revista:fémina,persona:jose e fernandez,Undirected,4,Fémina — José E. Fernández (4),Fémina,José E. Fernández,José E. Fernández
e221,revista:fémina,persona:jose ernesto garcia aybar,Undirected,1,Fémina — José Ernesto García Aybar (1),Fémina,José Ernesto García Aybar,José Ernesto García Aybar
e222,revista:fémina,persona:jose luis perozo,Undirected,1,Fémina — José Luis Perozo (1),Fémina,José Luis Perozo,José Luis Perozo
e223,revista:fémina,persona:jose martinez conde,Undirected,8,Fémina — José Martínez Conde (8),Fémina,José Martínez Conde,José Martínez Conde
e224,revista:fémina,persona:jose maria de heredia,Undirected,1,Fémina — José María de Heredia (1),Fémina,José María de Heredia,José María de Heredia
e225,revista:fémina,persona:jose ramon lopez,Undirected,3,Fémina — José Ramón López (3),Fémina,José Ramón López,José Ramón López
e226,revista:fémina,persona:jose torres diaz,Undirected,1,Fémina — José Torres Díaz (1),Fémina,José Torres Díaz,José Torres Díaz
e227,revista:fémina,persona:juan amechazurra,Undirected,2,Fémina — Juan Amechazurra (2),Fémina,Juan Amechazurra,Juan Amechazurra
e228,revista:fémina,persona:juan bautista vicini burgos,Undirected,2,Fémina — Juan Bautista Vicini Burgos (2),Fémina,Juan Bautista Vicini Burgos,Juan Bautista Vicini Burgos
e229,revista:fémina,persona:juan espinal y pena,Undirected,1,Fémina — Juan Espinal y Peña (1),Fémina,Juan Espinal y Peña,Juan Espinal y Peña
e230,revista:fémina,persona:juan salvador duran,Undirected,1,Fémina — Juan Salvador Durán (1),Fémina,Juan Salvador Durán,Juan Salvador Durán
e231,revista:fémina,persona:juana de ibarbourou,Undirected,4,Fémina — Juana de Ibarbourou (4),Fémina,Juana de Ibarbourou,Juana de Ibarbourou
e232,revista:fémina,persona:juana i vda escotto,Undirected,1,Fémina — Juana I. Vda. Escotto (1),Fémina,Juana I. Vda. Escotto,Juana I. Vda. Escotto
e233,revista:fémina,persona:julio dewindt,Undirected,1,Fémina — Julio Dewindt (1),Fémina,Julio Dewindt,Julio Dewindt
e234,revista:fémina,persona:lalita de hernandez,Undirected,1,Fémina — Lalita de Hernández (1),Fémina,Lalita de Hernández,Lalita de Hernández
e235,revista:fémina,persona:lele guerra,Undirected,1,Fémina — Lelé Guerra (1),Fémina,Lelé Guerra,Lelé Guerra
e236,revista:fémina,persona:leon von hegelson,Undirected,1,Fémina — Leon Von Hegelson (1),Fémina,Leon Von Hegelson,Leon Von Hegelson
e237,revista:fémina,persona:liliana alburquerque,Undirected,1,Fémina — Liliana Alburquerque (1),Fémina,Liliana Alburquerque,Liliana Alburquerque
e238,revista:fémina,persona:lolin espinet,Undirected,1,Fémina — Lolín Espinet (1),Fémina,Lolín Espinet,Lolín Espinet
e239,revista:fémina,persona:lorenzo justiniano bobea,Undirected,9,Fémina — Lorenzo Justiniano Bobea (9),Fémina,Lorenzo Justiniano Bobea,Lorenzo Justiniano Bobea
e240,revista:fémina,persona:lucila de florentino,Undirected,1,Fémina — Lucila de Florentino (1),Fémina,Lucila de Florentino,Lucila de Florentino
e241,revista:fémina,persona:luis a de mena,Undirected,6,Fémina — Luis A. de Mena (6),Fémina,Luis A. de Mena,Luis A. de Mena
e242,revista:fémina,persona:luis amiama,Undirected,1,Fémina — Luis Amiama (1),Fémina,Luis Amiama,Luis Amiama
e243,revista:fémina,persona:luis florentino,Undirected,1,Fémina — Luis Florentino (1),Fémina,Luis Florentino,Luis Florentino
e244,revista:fémina,persona:luisa o pellerano de henriquez,Undirected,6,Fémina — Luisa O. Pellerano de Henríquez (6),Fémina,Luisa O. Pellerano de Henríquez,Luisa O. Pellerano de Henríquez
e245,revista:fémina,persona:luisa puello,Undirected,1,Fémina — Luisa Puello (1),Fémina,Luisa Puello,Luisa Puello
e246,revista:fémina,persona:lydia lion roberts,Undirected,1,Fémina — Lydia Lion Roberts (1),Fémina,Lydia Lion Roberts,Lydia Lion Roberts
e247,revista:fémina,persona:m a peguero hijo,Undirected,5,Fémina — M. A. Peguero Hijo (5),Fémina,M. A. Peguero Hijo,M. A. Peguero Hijo
e248,revista:fémina,persona:m alfaro reyes,Undirected,5,Fémina — M. Alfaro Reyes (5),Fémina,M. Alfaro Reyes,M. Alfaro Reyes
e249,revista:fémina,persona:m m gautier,Undirected,1,Fémina — M. M. Gautier (1),Fémina,M. M. Gautier,M. M. Gautier
e250,revista:fémina,persona:manuel a patin maceo,Undirected,7,Fémina — Manuel A. Patín Maceo (7),Fémina,Manuel A. Patín Maceo,Manuel A. Patín Maceo
e251,revista:fémina,persona:manuel e mallen isambert,Undirected,2,Fémina — Manuel E. Mallén Isambert (2),Fémina,Manuel E. Mallén Isambert,Manuel E. Mallén Isambert
e252,revista:fémina,persona:manuel e suncar,Undirected,2,Fémina — Manuel E. Suncar (2),Fémina,Manuel E. Suncar,Manuel E. Suncar
e253,revista:fémina,persona:manuel f leonor,Undirected,1,Fémina — Manuel F. Leonor (1),Fémina,Manuel F. Leonor,Manuel F. Leonor
e254,revista:fémina,persona:maria cristina godoy,Undirected,1,Fémina — Maria Cristina Godoy (1),Fémina,Maria Cristina Godoy,Maria Cristina Godoy
e255,revista:fémina,persona:mariblanca sabas aloma,Undirected,6,Fémina — Mariblanca Sabas Alomá (6),Fémina,Mariblanca Sabas Alomá,Mariblanca Sabas Alomá
e256,revista:fémina,persona:mario caminero sanchez,Undirected,7,Fémina — Mario Caminero Sánchez (7),Fémina,Mario Caminero Sánchez,Mario Caminero Sánchez
e257,revista:fémina,persona:maria ballis,Undirected,1,Fémina — María Ballis (1),Fémina,María Ballis,María Ballis
e258,revista:fémina,persona:maria di sorrento,Undirected,2,Fémina — María di Sorrento (2),Fémina,María di Sorrento,María di Sorrento
e259,revista:fémina,persona:maria l de angelis de canino,Undirected,38,Fémina — María L. de Angelis de Canino (38),Fémina,María L. de Angelis de Canino,María L. de Angelis de Canino
e260,revista:fémina,persona:maria l vidaurre,Undirected,1,Fémina — María L. Vidaurre (1),Fémina,María L. Vidaurre,María L. Vidaurre
e261,revista:fémina,persona:maria luisa oliver,Undirected,2,Fémina — María Luisa Oliver (2),Fémina,María Luisa Oliver,María Luisa Oliver
e262,revista:fémina,persona:maria pedemonte,Undirected,1,Fémina — María Pedemonte (1),Fémina,María Pedemonte,María Pedemonte
e263,revista:fémina,persona:matildita benzo,Undirected,1,Fémina — Matildita Benzo (1),Fémina,Matildita Benzo,Matildita Benzo
e264,revista:fémina,persona:melani winter,Undirected,1,Fémina — Melaní Winter (1),Fémina,Melaní Winter,Melaní Winter
e265,revista:fémina,persona:mercedes a heureaux,Undirected,1,Fémina — Mercedes A. Heureaux (1),Fémina,Mercedes A. Heureaux,Mercedes A. Heureaux
e266,revista:fémina,persona:mercedes diaz,Undirected,2,Fémina — Mercedes Díaz (2),Fémina,Mercedes Díaz,Mercedes Díaz
e267,revista:fémina,persona:mercedes m perez,Undirected,1,Fémina — Mercedes M. Pérez (1),Fémina,Mercedes M. Pérez,Mercedes M. Pérez
e268,revista:fémina,persona:mercedes mota,Undirected,1,Fémina — Mercedes Mota (1),Fémina,Mercedes Mota,Mercedes Mota
e269,revista:fémina,persona:mercedes quintero,Undirected,1,Fémina — Mercedes Quintero (1),Fémina,Mercedes Quintero,Mercedes Quintero
e270,revista:fémina,persona:miguel a vuylsteke,Undirected,1,Fémina — Miguel A Vuylsteke (1),Fémina,Miguel A Vuylsteke,Miguel A Vuylsteke
e271,revista:fémina,persona:miguel a guerrero r,Undirected,10,Fémina — Miguel A. Guerrero R. (10),Fémina,Miguel A. Guerrero R.,Miguel A. Guerrero R.
e272,revista:fémina,persona:miguel rodriguez o,Undirected,1,Fémina — Miguel Rodríguez O. (1),Fémina,Miguel Rodríguez O.,Miguel Rodríguez O.
e273,revista:fémina,persona:miguel angel fiallo,Undirected,1,Fémina — Miguel Ángel Fiallo (1),Fémina,Miguel Ángel Fiallo,Miguel Ángel Fiallo
e274,revista:fémina,persona:mirta pichardo,Undirected,1,Fémina — Mirta Pichardo (1),Fémina,Mirta Pichardo,Mirta Pichardo
e275,revista:fémina,persona:modesto cedano,Undirected,1,Fémina — Modesto Cedano (1),Fémina,Modesto Cedano,Modesto Cedano
e276,revista:fémina,persona:moises de soto,Undirected,1,Fémina — Moisés de Soto (1),Fémina,Moisés de Soto,Moisés de Soto
e277,revista:fémina,persona:moscoso puello,Undirected,1,Fémina — Moscoso Puello (1),Fémina,Moscoso Puello,Moscoso Puello
e278,revista:fémina,persona:melida mercado,Undirected,1,Fémina — Mélida Mercado (1),Fémina,Mélida Mercado,Mélida Mercado
e279,revista:fémina,persona:narcisa sofe,Undirected,1,Fémina — Narcisa Sofé (1),Fémina,Narcisa Sofé,Narcisa Sofé
e280,revista:fémina,persona:natalia garcia,Undirected,6,Fémina — Natalia García (6),Fémina,Natalia García,Natalia García
e281,revista:fémina,persona:nidia batlle,Undirected,1,Fémina — Nidia Batlle (1),Fémina,Nidia Batlle,Nidia Batlle
e282,revista:fémina,persona:orfelina m de sarda,Undirected,1,Fémina — Orfelina M. de Sardá (1),Fémina,Orfelina M. de Sardá,Orfelina M. de Sardá
e283,revista:fémina,persona:petronila angelica gomez,Undirected,95,Fémina — Petronila Angélica Gómez (95),Fémina,Petronila Angélica Gómez,Petronila Angélica Gómez
e284,revista:fémina,persona:pilar jorge de tella,Undirected,1,Fémina — Pilar Jorge de Tella (1),Fémina,Pilar Jorge de Tella,Pilar Jorge de Tella
e285,revista:fémina,persona:rafael alburquerque,Undirected,3,Fémina — Rafael Alburquerque (3),Fémina,Rafael Alburquerque,Rafael Alburquerque
e286,revista:fémina,persona:rafael elpidio pera,Undirected,1,Fémina — Rafael Elpidio Pera (1),Fémina,Rafael Elpidio Pera,Rafael Elpidio Pera
e287,revista:fémina,persona:rafael reyes,Undirected,1,Fémina — Rafael Reyes (1),Fémina,Rafael Reyes,Rafael Reyes
e288,revista:fémina,persona:rafaela h gomez,Undirected,1,Fémina — Rafaela H. Gómez (1),Fémina,Rafaela H. Gómez,Rafaela H. Gómez
e289,revista:fémina,persona:raul carbuccia,Undirected,1,Fémina — Raúl Carbuccia (1),Fémina,Raúl Carbuccia,Raúl Carbuccia
e290,revista:fémina,persona:reginaldo s sculpi,Undirected,1,Fémina — Reginaldo S. Sculpi (1),Fémina,Reginaldo S. Sculpi,Reginaldo S. Sculpi
e291,revista:fémina,persona:rosa colombina mansfield,Undirected,1,Fémina — Rosa Colombina Mansfield (1),Fémina,Rosa Colombina Mansfield,Rosa Colombina Mansfield
e292,revista:fémina,persona:rosa maria espinet,Undirected,1,Fémina — Rosa María Espinet (1),Fémina,Rosa María Espinet,Rosa María Espinet
e293,revista:fémina,persona:rosario sansores,Undirected,1,Fémina — Rosario Sansores (1),Fémina,Rosario Sansores,Rosario Sansores
e294,revista:fémina,persona:ruben dario,Undirected,4,Fémina — Rubén Darío (4),Fémina,Rubén Darío,Rubén Darío
e295,revista:fémina,persona:salvador gonzales,Undirected,1,Fémina — Salvador Gonzáles (1),Fémina,Salvador Gonzáles,Salvador Gonzáles
e296,revista:fémina,persona:sebastian leite de vasconcellos,Undirected,5,Fémina — Sebastián Leite de Vasconcellos (5),Fémina,Sebastián Leite de Vasconcellos,Sebastián Leite de Vasconcellos
e297,revista:fémina,persona:teresa de moreaux,Undirected,1,Fémina — Teresa de Moreaux (1),Fémina,Teresa de Moreaux,Teresa de Moreaux
e298,revista:fémina,persona:teresa pena de espinal,Undirected,1,Fémina — Teresa Peña de Espinal (1),Fémina,Teresa Peña de Espinal,Teresa Peña de Espinal
e299,revista:fémina,persona:tete brea,Undirected,1,Fémina — Teté Brea (1),Fémina,Teté Brea,Teté Brea
e300,revista:fémina,persona:tete mallen,Undirected,2,Fémina — Teté Mallén (2),Fémina,Teté Mallén,Teté Mallén
e301,revista:fémina,persona:tomas g senio,Undirected,1,Fémina — Tomás G. Senio (1),Fémina,Tomás G. Senio,Tomás G. Senio
e302,revista:fémina,persona:tomas gomez brea,Undirected,2,Fémina — Tomás Gómez Brea (2),Fémina,Tomás Gómez Brea,Tomás Gómez Brea
e303,revista:fémina,persona:trina moya de vazquez,Undirected,1,Fémina — Trina Moya de Vázquez (1),Fémina,Trina Moya de Vázquez,Trina Moya de Vázquez
e304,revista:fémina,persona:v valera reyes,Undirected,5,Fémina — V. Valera Reyes (5),Fémina,V. Valera Reyes,V. Valera Reyes
e305,revista:fémina,persona:venancio de ecija,Undirected,3,Fémina — Venancio de Écija (3),Fémina,Venancio de Écija,Venancio de Écija
e306,revista:fémina,persona:venecia de soto,Undirected,1,Fémina — Venecia de Soto (1),Fémina,Venecia de Soto,Venecia de Soto
e307,revista:fémina,persona:vicente medina,Undirected,2,Fémina — Vicente Medina (2),Fémina,Vicente Medina,Vicente Medina
e308,revista:fémina,persona:victor m geraldino,Undirected,1,Fémina — Victor M. Geraldino (1),Fémina,Victor M. Geraldino,Victor M. Geraldino
e309,revista:fémina,persona:vitalia marchena,Undirected,1,Fémina — Vitalia Marchena (1),Fémina,Vitalia Marchena,Vitalia Marchena
e310,revista:filipinas,persona:adan,Undirected,1,Filipinas — Adan (1),Filipinas,Adan,Adan
e311,revista:filipinas,persona:agripa,Undirected,1,Filipinas — Agripa (1),Filipinas,Agripa,Agripa
e312,revista:filipinas,persona:agustin reyes,Undirected,1,Filipinas — Agustin Reyes (1),Filipinas,Agustin Reyes,Agustin Reyes
e313,revista:filipinas,persona:agustina de aragon,Undirected,1,Filipinas — Agustina de Aragón (1),Filipinas,Agustina de Aragón,Agustina de Aragón
e314,revista:filipinas,persona:aime martin,Undirected,1,Filipinas — Aime Martin (1),Filipinas,Aime Martin,Aime Martin
e315,revista:filipinas,persona:alfonso xiii,Undirected,8,Filipinas — Alfonso XIII (8),Filipinas,Alfonso XIII,Alfonso XIII
e316,revista:filipinas,persona:almostain,Undirected,1,Filipinas — Almostaín (1),Filipinas,Almostaín,Almostaín
e317,revista:filipinas,persona:alodia,Undirected,2,Filipinas — Alodia (2),Filipinas,Alodia,Alodia
e318,revista:filipinas,persona:alphonse daudet,Undirected,1,Filipinas — Alphonse Daudet (1),Filipinas,Alphonse Daudet,Alphonse Daudet
e319,revista:filipinas,persona:amalia francisco,Undirected,1,Filipinas — Amalia Francisco (1),Filipinas,Amalia Francisco,Amalia Francisco
e320,revista:filipinas,persona:ana wauker,Undirected,1,Filipinas — Ana Wauker (1),Filipinas,Ana Wauker,Ana Wauker
e321,revista:filipinas,persona:anacleto del rosario,Undirected,1,Filipinas — Anacleto del Rosario (1),Filipinas,Anacleto del Rosario,Anacleto del Rosario
e322,revista:filipinas,persona:anciay,Undirected,1,Filipinas — Anciay (1),Filipinas,Anciay,Anciay
e323,revista:filipinas,persona:andres bonifacio,Undirected,2,Filipinas — Andrés Bonifacio (2),Filipinas,Andrés Bonifacio,Andrés Bonifacio
e324,revista:filipinas,persona:angel jose,Undirected,1,Filipinas — Angel José (1),Filipinas,Angel José,Angel José
e325,revista:filipinas,persona:angela,Undirected,2,Filipinas — Angela (2),Filipinas,Angela,Angela
e326,revista:filipinas,persona:anne morgan,Undirected,3,Filipinas — Anne Morgan (3),Filipinas,Anne Morgan,Anne Morgan
e327,revista:filipinas,persona:anselmo,Undirected,1,Filipinas — Anselmo (1),Filipinas,Anselmo,Anselmo
e328,revista:filipinas,persona:antonio luna,Undirected,1,Filipinas — Antonio Luna (1),Filipinas,Antonio Luna,Antonio Luna
e329,revista:filipinas,persona:apolinario mabini,Undirected,1,Filipinas — Apolinario Mabini (1),Filipinas,Apolinario Mabini,Apolinario Mabini
e330,revista:filipinas,persona:arcadio arellano,Undirected,1,Filipinas — Arcadio Arellano (1),Filipinas,Arcadio Arellano,Arcadio Arellano
e331,revista:filipinas,persona:arsenio cruz herrera,Undirected,2,Filipinas — Arsenio Cruz Herrera (2),Filipinas,Arsenio Cruz Herrera,Arsenio Cruz Herrera
e332,revista:filipinas,persona:artemisa,Undirected,1,Filipinas — Artemisa (1),Filipinas,Artemisa,Artemisa
e333,revista:filipinas,persona:asuncion manahan,Undirected,1,Filipinas — Asuncion Manahan (1),Filipinas,Asuncion Manahan,Asuncion Manahan
e334,revista:filipinas,persona:b de b,Undirected,1,Filipinas — B. de B. (1),Filipinas,B. de B.,B. de B.
e335,revista:filipinas,persona:baronesa von suttner,Undirected,1,Filipinas — Baronesa von Suttner (1),Filipinas,Baronesa von Suttner,Baronesa von Suttner
e336,revista:filipinas,persona:baron de estournelles de constant,Undirected,1,Filipinas — Barón de Estournelles de Constant (1),Filipinas,Barón de Estournelles de Constant,Barón de Estournelles de Constant
e337,revista:filipinas,persona:basilio martinez,Undirected,1,Filipinas — Basilio Martinez (1),Filipinas,Basilio Martinez,Basilio Martinez
e338,revista:filipinas,persona:beatriz,Undirected,5,Filipinas — Beatriz (5),Filipinas,Beatriz,Beatriz
e339,revista:filipinas,persona:belisario rosas,Undirected,1,Filipinas — Belisario Rosas (1),Filipinas,Belisario Rosas,Belisario Rosas
e340,revista:filipinas,persona:benita a de roda,Undirected,1,Filipinas — Benita A. de Roda (1),Filipinas,Benita A. de Roda,Benita A. de Roda
e341,revista:filipinas,persona:bernabe santos,Undirected,1,Filipinas — Bernabé Santos (1),Filipinas,Bernabé Santos,Bernabé Santos
e342,revista:filipinas,persona:blundell maple,Undirected,1,Filipinas — Blundell Maple (1),Filipinas,Blundell Maple,Blundell Maple
e343,revista:filipinas,persona:bonald,Undirected,1,Filipinas — Bonald (1),Filipinas,Bonald,Bonald
e344,revista:filipinas,persona:braun,Undirected,1,Filipinas — Braun (1),Filipinas,Braun,Braun
e345,revista:filipinas,persona:buigricout,Undirected,1,Filipinas — Buigricout (1),Filipinas,Buigricout,Buigricout
e346,revista:filipinas,persona:bulaklak,Undirected,1,Filipinas — Bulaklak (1),Filipinas,Bulaklak,Bulaklak
e347,revista:filipinas,persona:c j fife,Undirected,1,Filipinas — C. J. Fife (1),Filipinas,C. J. Fife,C. J. Fife
e348,revista:filipinas,persona:candido tria tirona,Undirected,1,Filipinas — Candido Tria Tirona (1),Filipinas,Candido Tria Tirona,Candido Tria Tirona
e349,revista:filipinas,persona:cantu,Undirected,1,Filipinas — Cantu (1),Filipinas,Cantu,Cantu
e350,revista:filipinas,persona:carmen edano,Undirected,1,Filipinas — Carmen Edano (1),Filipinas,Carmen Edano,Carmen Edano
e351,revista:filipinas,persona:carmen farinas,Undirected,2,Filipinas — Carmen Fariñas (2),Filipinas,Carmen Fariñas,Carmen Fariñas
e352,revista:filipinas,persona:caro,Undirected,1,Filipinas — Caro (1),Filipinas,Caro,Caro
e353,revista:filipinas,persona:catalino doranila,Undirected,1,Filipinas — Catalino Doranila (1),Filipinas,Catalino Doranila,Catalino Doranila
e354,revista:filipinas,persona:cayetano arellano,Undirected,1,Filipinas — Cayetano Arellano (1),Filipinas,Cayetano Arellano,Cayetano Arellano
e355,revista:filipinas,persona:cecilio apostol,Undirected,1,Filipinas — Cecilio Apóstol (1),Filipinas,Cecilio Apóstol,Cecilio Apóstol
e356,revista:filipinas,persona:charles gilman,Undirected,3,Filipinas — Charles Gilman (3),Filipinas,Charles Gilman,Charles Gilman
e357,revista:filipinas,persona:charles kingsley,Undirected,1,Filipinas — Charles Kingsley (1),Filipinas,Charles Kingsley,Charles Kingsley
e358,revista:filipinas,persona:chesterfield,Undirected,1,Filipinas — Chesterfield (1),Filipinas,Chesterfield,Chesterfield
e359,revista:filipinas,persona:ciceron,Undirected,1,Filipinas — Ciceron (1),Filipinas,Ciceron,Ciceron
e360,revista:filipinas,persona:concepcion jimeno de flaquer,Undirected,1,Filipinas — Concepción Jimeno de Flaquer (1),Filipinas,Concepción Jimeno de Flaquer,Concepción Jimeno de Flaquer
e361,revista:filipinas,persona:condesa de bureta,Undirected,1,Filipinas — Condesa de Bureta (1),Filipinas,Condesa de Bureta,Condesa de Bureta
e362,revista:filipinas,persona:condesa de pardo bazan,Undirected,1,Filipinas — Condesa de Pardo Bazan (1),Filipinas,Condesa de Pardo Bazan,Condesa de Pardo Bazan
e363,revista:filipinas,persona:condesa de szechanbl,Undirected,1,Filipinas — Condesa de Szechanbl (1),Filipinas,Condesa de Szechanbl,Condesa de Szechanbl
e364,revista:filipinas,persona:condesa diane de beausacq,Undirected,2,Filipinas — Condesa Diane de Beausacq (2),Filipinas,Condesa Diane de Beausacq,Condesa Diane de Beausacq
e365,revista:filipinas,persona:consolacion amada,Undirected,1,Filipinas — Consolacion Amada (1),Filipinas,Consolacion Amada,Consolacion Amada
e366,revista:filipinas,persona:constancia poblete,Undirected,10,Filipinas — Constancia Poblete (10),Filipinas,Constancia Poblete,Constancia Poblete
e367,revista:filipinas,persona:crispulo layog,Undirected,1,Filipinas — Crispulo Layog (1),Filipinas,Crispulo Layog,Crispulo Layog
e368,revista:filipinas,persona:carlos ronquillo,Undirected,1,Filipinas — Cárlos Ronquillo (1),Filipinas,Cárlos Ronquillo,Cárlos Ronquillo
e369,revista:filipinas,persona:daniel lesueur,Undirected,1,Filipinas — Daniel Lesueur (1),Filipinas,Daniel Lesueur,Daniel Lesueur
e370,revista:filipinas,persona:dean c worcester,Undirected,2,Filipinas — Dean C. Worcester (2),Filipinas,Dean C. Worcester,Dean C. Worcester
e371,revista:filipinas,persona:dolores c velarde,Undirected,1,Filipinas — Dolores C. Velarde (1),Filipinas,Dolores C. Velarde,Dolores C. Velarde
e372,revista:filipinas,persona:dolorosa,Undirected,1,Filipinas — Dolorosa (1),Filipinas,Dolorosa,Dolorosa
e373,revista:filipinas,persona:donizetti,Undirected,1,Filipinas — Donizetti (1),Filipinas,Donizetti,Donizetti
e374,revista:filipinas,persona:dr charles stiles,Undirected,2,Filipinas — Dr. Charles Stiles (2),Filipinas,Dr. Charles Stiles,Dr. Charles Stiles
e375,revista:filipinas,persona:dr cronin,Undirected,1,Filipinas — Dr. Cronin (1),Filipinas,Dr. Cronin,Dr. Cronin
e376,revista:filipinas,persona:dr jose rizal,Undirected,7,Filipinas — Dr. José Rizal (7),Filipinas,Dr. José Rizal,Dr. José Rizal
e377,revista:filipinas,persona:dr mariano a gana,Undirected,1,Filipinas — Dr. Mariano A. Gana (1),Filipinas,Dr. Mariano A. Gana,Dr. Mariano A. Gana
e378,revista:filipinas,persona:dr witmer,Undirected,3,Filipinas — Dr. Witmer (3),Filipinas,Dr. Witmer,Dr. Witmer
e379,revista:filipinas,persona:duquesa de roxburgh,Undirected,1,Filipinas — Duquesa de Roxburgh (1),Filipinas,Duquesa de Roxburgh,Duquesa de Roxburgh
e380,revista:filipinas,persona:duramelegare,Undirected,1,Filipinas — Duramelegare (1),Filipinas,Duramelegare,Duramelegare
e381,revista:filipinas,persona:e b williams,Undirected,1,Filipinas — E. B. Williams (1),Filipinas,E. B. Williams,E. B. Williams
e382,revista:filipinas,persona:edouard herve,Undirected,1,Filipinas — Edouard Hervé (1),Filipinas,Edouard Hervé,Edouard Hervé
e383,revista:filipinas,persona:eduardo vii,Undirected,1,Filipinas — Eduardo VII (1),Filipinas,Eduardo VII,Eduardo VII
e384,revista:filipinas,persona:elena,Undirected,1,Filipinas — Elena (1),Filipinas,Elena,Elena
e385,revista:filipinas,persona:elena matintiman,Undirected,2,Filipinas — Elena Matintiman (2),Filipinas,Elena Matintiman,Elena Matintiman
e386,revista:filipinas,persona:elisa romero,Undirected,1,Filipinas — Elisa Romero (1),Filipinas,Elisa Romero,Elisa Romero
e387,revista:filipinas,persona:elizabeth barrett browning,Undirected,1,Filipinas — Elizabeth Barrett Browning (1),Filipinas,Elizabeth Barrett Browning,Elizabeth Barrett Browning
e388,revista:filipinas,persona:elpidia yia,Undirected,2,Filipinas — Elpidia Yía (2),Filipinas,Elpidia Yía,Elpidia Yía
e389,revista:filipinas,persona:emerson,Undirected,1,Filipinas — Emerson (1),Filipinas,Emerson,Emerson
e390,revista:filipinas,persona:emilio gerona,Undirected,1,Filipinas — Emilio Gerona (1),Filipinas,Emilio Gerona,Emilio Gerona
e391,revista:filipinas,persona:estanislawa magat,Undirected,1,Filipinas — Estanislawa Magat (1),Filipinas,Estanislawa Magat,Estanislawa Magat
e392,revista:filipinas,persona:eugene mouton,Undirected,1,Filipinas — Eugene Mouton (1),Filipinas,Eugene Mouton,Eugene Mouton
e393,revista:filipinas,persona:eugenia,Undirected,1,Filipinas — Eugenia (1),Filipinas,Eugenia,Eugenia
e394,revista:filipinas,persona:eva,Undirected,1,Filipinas — Eva (1),Filipinas,Eva,Eva
e395,revista:filipinas,persona:fabian vidal,Undirected,1,Filipinas — Fabián Vidal (1),Filipinas,Fabián Vidal,Fabián Vidal
e396,revista:filipinas,persona:faustino aguilar,Undirected,1,Filipinas — Faustino Aguilar (1),Filipinas,Faustino Aguilar,Faustino Aguilar
e397,revista:filipinas,persona:felicidad legaspi,Undirected,1,Filipinas — Felicidad Legaspi (1),Filipinas,Felicidad Legaspi,Felicidad Legaspi
e398,revista:filipinas,persona:felicidad villarica,Undirected,2,Filipinas — Felicidad Villarica (2),Filipinas,Felicidad Villarica,Felicidad Villarica
e399,revista:filipinas,persona:felipe barretto,Undirected,1,Filipinas — Felipe Barretto (1),Filipinas,Felipe Barretto,Felipe Barretto
e400,revista:filipinas,persona:felisberta soliongko,Undirected,1,Filipinas — Felisberta Soliongko (1),Filipinas,Felisberta Soliongko,Felisberta Soliongko
e401,revista:filipinas,persona:felix de jesus,Undirected,1,Filipinas — Felix de Jesus (1),Filipinas,Felix de Jesus,Felix de Jesus
e402,revista:filipinas,persona:felix ullmann,Undirected,2,Filipinas — Felix Ullmann (2),Filipinas,Felix Ullmann,Felix Ullmann
e403,revista:filipinas,persona:fernando ma guerrero,Undirected,1,Filipinas — Fernando M.a Guerrero (1),Filipinas,Fernando M.a Guerrero,Fernando M.a Guerrero
e404,revista:filipinas,persona:fidel a reyes,Undirected,1,Filipinas — Fidel A. Reyes (1),Filipinas,Fidel A. Reyes,Fidel A. Reyes
e405,revista:filipinas,persona:florencio,Undirected,2,Filipinas — Florencio (2),Filipinas,Florencio,Florencio
e406,revista:filipinas,persona:florinda ligaya,Undirected,2,Filipinas — Florinda Ligaya (2),Filipinas,Florinda Ligaya,Florinda Ligaya
e407,revista:filipinas,persona:francisca gesmundo,Undirected,8,Filipinas — Francisca Gesmundo (8),Filipinas,Francisca Gesmundo,Francisca Gesmundo
e408,revista:filipinas,persona:francisco baltazar,Undirected,3,Filipinas — Francisco Baltazar (3),Filipinas,Francisco Baltazar,Francisco Baltazar
e409,revista:filipinas,persona:francisco de guia,Undirected,2,Filipinas — Francisco de Guia (2),Filipinas,Francisco de Guia,Francisco de Guia
e410,revista:filipinas,persona:francisco ferrer guardia,Undirected,1,Filipinas — Francisco Ferrer Guardia (1),Filipinas,Francisco Ferrer Guardia,Francisco Ferrer Guardia
e411,revista:filipinas,persona:galo lichauco,Undirected,1,Filipinas — Galo Lichauco (1),Filipinas,Galo Lichauco,Galo Lichauco
e412,revista:filipinas,persona:generosa,Undirected,1,Filipinas — Generosa (1),Filipinas,Generosa,Generosa
e413,revista:filipinas,persona:genoveva camaclan,Undirected,1,Filipinas — Genoveva Camaclan (1),Filipinas,Genoveva Camaclan,Genoveva Camaclan
e414,revista:filipinas,persona:gertrude diersbach,Undirected,1,Filipinas — Gertrude Diersbach (1),Filipinas,Gertrude Diersbach,Gertrude Diersbach
e415,revista:filipinas,persona:gladys vanderbilt,Undirected,1,Filipinas — Gladys Vanderbilt (1),Filipinas,Gladys Vanderbilt,Gladys Vanderbilt
e416,revista:filipinas,persona:graciano lopez jaena,Undirected,1,Filipinas — Graciano Lopez Jaena (1),Filipinas,Graciano Lopez Jaena,Graciano Lopez Jaena
e417,revista:filipinas,persona:gregorio ballesteros,Undirected,1,Filipinas — Gregorio Ballesteros (1),Filipinas,Gregorio Ballesteros,Gregorio Ballesteros
e418,revista:filipinas,persona:gregorio m cansipit,Undirected,1,Filipinas — Gregorio M. Cansipit (1),Filipinas,Gregorio M. Cansipit,Gregorio M. Cansipit
e419,revista:filipinas,persona:guillermo,Undirected,3,Filipinas — Guillermo (3),Filipinas,Guillermo,Guillermo
e420,revista:filipinas,persona:haruko,Undirected,2,Filipinas — Haruko (2),Filipinas,Haruko,Haruko
e421,revista:filipinas,persona:hermenegildo cruz,Undirected,1,Filipinas — Hermenegildo Cruz (1),Filipinas,Hermenegildo Cruz,Hermenegildo Cruz
e422,revista:filipinas,persona:hetty green,Undirected,1,Filipinas — Hetty Green (1),Filipinas,Hetty Green,Hetty Green
e423,revista:filipinas,persona:holofernes,Undirected,2,Filipinas — Holofernes (2),Filipinas,Holofernes,Holofernes
e424,revista:filipinas,persona:idin,Undirected,1,Filipinas — Idin (1),Filipinas,Idin,Idin
e425,revista:filipinas,persona:ignacio villamor,Undirected,1,Filipinas — Ignacio Villamor (1),Filipinas,Ignacio Villamor,Ignacio Villamor
e426,revista:filipinas,persona:isabel cortez,Undirected,2,Filipinas — Isabel Cortez (2),Filipinas,Isabel Cortez,Isabel Cortez
e427,revista:filipinas,persona:isabel la catolica,Undirected,1,Filipinas — Isabel la Católica (1),Filipinas,Isabel la Católica,Isabel la Católica
e428,revista:filipinas,persona:isabelo de los reyes,Undirected,2,Filipinas — Isabelo de los Reyes (2),Filipinas,Isabelo de los Reyes,Isabelo de los Reyes
e429,revista:filipinas,persona:j abraham,Undirected,1,Filipinas — J. Abraham (1),Filipinas,J. Abraham,J. Abraham
e430,revista:filipinas,persona:j e del rosario,Undirected,1,Filipinas — J. E. del Rosario (1),Filipinas,J. E. del Rosario,J. E. del Rosario
e431,revista:filipinas,persona:j l,Undirected,1,Filipinas — J. L. (1),Filipinas,J. L.,J. L.
e432,revista:filipinas,persona:j lewis crozer,Undirected,1,Filipinas — J. Lewis Crozer (1),Filipinas,J. Lewis Crozer,J. Lewis Crozer
e433,revista:filipinas,persona:jacinto zamora,Undirected,1,Filipinas — Jacinto Zamora (1),Filipinas,Jacinto Zamora,Jacinto Zamora
e434,revista:filipinas,persona:jaime c de veyra,Undirected,1,Filipinas — Jaime C. de Veyra (1),Filipinas,Jaime C. de Veyra,Jaime C. de Veyra
e435,revista:filipinas,persona:jean aicard,Undirected,1,Filipinas — Jean Aicard (1),Filipinas,Jean Aicard,Jean Aicard
e436,revista:filipinas,persona:john r edgar,Undirected,2,Filipinas — John R. Edgar (2),Filipinas,John R. Edgar,John R. Edgar
e437,revista:filipinas,persona:josephine leopoldine taufer,Undirected,2,Filipinas — Josephine Leopoldine Taufer (2),Filipinas,Josephine Leopoldine Taufer,Josephine Leopoldine Taufer
e438,revista:filipinas,persona:jose burgos,Undirected,1,Filipinas — José Burgos (1),Filipinas,José Burgos,José Burgos
e439,revista:filipinas,persona:jose maria de heredia,Undirected,1,Filipinas — José María de Heredia (1),Filipinas,José María de Heredia,José Maria de Heredia
e440,revista:filipinas,persona:juan caspe,Undirected,1,Filipinas — Juan Caspe (1),Filipinas,Juan Caspe,Juan Caspe
e441,revista:filipinas,persona:juan luna,Undirected,1,Filipinas — Juan Luna (1),Filipinas,Juan Luna,Juan Luna
e442,revista:filipinas,persona:judith,Undirected,3,Filipinas — Judith (3),Filipinas,Judith,Judith
e443,revista:filipinas,persona:justina iliwanag,Undirected,1,Filipinas — Justina Iliwanag (1),Filipinas,Justina Iliwanag,Justina Iliwanag
e444,revista:filipinas,persona:justo lukban,Undirected,1,Filipinas — Justo Lukban (1),Filipinas,Justo Lukban,Justo Lukban
e445,revista:filipinas,persona:krupp,Undirected,1,Filipinas — Krupp (1),Filipinas,Krupp,Krupp
e446,revista:filipinas,persona:l l billan,Undirected,1,Filipinas — L. L. Billan (1),Filipinas,L. L. Billan,L. L. Billan
e447,revista:filipinas,persona:laurent tailhade,Undirected,1,Filipinas — Laurent Tailhade (1),Filipinas,Laurent Tailhade,Laurent Tailhade
e448,revista:filipinas,persona:legouve,Undirected,1,Filipinas — Legouve (1),Filipinas,Legouve,Legouve
e449,revista:filipinas,persona:lessing,Undirected,1,Filipinas — Lessing (1),Filipinas,Lessing,Lessing
e450,revista:filipinas,persona:ligaya,Undirected,1,Filipinas — Ligaya (1),Filipinas,Ligaya,Ligaya
e451,revista:filipinas,persona:lope k santos,Undirected,2,Filipinas — Lope K. Santos (2),Filipinas,Lope K. Santos,Lope K. Santos
e452,revista:filipinas,persona:luis,Undirected,1,Filipinas — Luis (1),Filipinas,Luis,Luis
e453,revista:filipinas,persona:luisa,Undirected,2,Filipinas — Luisa (2),Filipinas,Luisa,Luisa
e454,revista:filipinas,persona:luisa de la valiere,Undirected,1,Filipinas — Luisa de La Valiére (1),Filipinas,Luisa de La Valiére,Luisa de La Valiére
e455,revista:filipinas,persona:m beernaert,Undirected,1,Filipinas — M. Beernaert (1),Filipinas,M. Beernaert,M. Beernaert
e456,revista:filipinas,persona:m comby,Undirected,1,Filipinas — M. Comby (1),Filipinas,M. Comby,M. Comby
e457,revista:filipinas,persona:macario adriatico,Undirected,1,Filipinas — Macario Adriático (1),Filipinas,Macario Adriático,Macario Adriático
e458,revista:filipinas,persona:mad stal,Undirected,1,Filipinas — Mad. Stal (1),Filipinas,Mad. Stal,Mad. Stal
e459,revista:filipinas,persona:mantegazza,Undirected,1,Filipinas — Mantegazza (1),Filipinas,Mantegazza,Mantegazza
e460,revista:filipinas,persona:manuel,Undirected,2,Filipinas — Manuel (2),Filipinas,Manuel,Manuel
e461,revista:filipinas,persona:marcelino aguna,Undirected,1,Filipinas — Marcelino Aguna (1),Filipinas,Marcelino Aguna,Marcelino Aguna
e462,revista:filipinas,persona:marcelo h del pilar,Undirected,1,Filipinas — Marcelo H. del Pilar (1),Filipinas,Marcelo H. del Pilar,Marcelo H. del Pilar
e463,revista:filipinas,persona:marconi,Undirected,1,Filipinas — Marconi (1),Filipinas,Marconi,Marconi
e464,revista:filipinas,persona:margaret t maguire,Undirected,2,Filipinas — Margaret T. Maguire (2),Filipinas,Margaret T. Maguire,Margaret T. Maguire
e465,revista:filipinas,persona:margarita,Undirected,1,Filipinas — Margarita (1),Filipinas,Margarita,Margarita
e466,revista:filipinas,persona:maria,Undirected,2,Filipinas — Maria (2),Filipinas,Maria,Maria
e467,revista:filipinas,persona:maria cruz,Undirected,1,Filipinas — Maria Cruz (1),Filipinas,Maria Cruz,Maria Cruz
e468,revista:filipinas,persona:maria del pilar,Undirected,1,Filipinas — Maria del Pilar (1),Filipinas,Maria del Pilar,Maria del Pilar
e469,revista:filipinas,persona:mariano garcia,Undirected,1,Filipinas — Mariano García (1),Filipinas,Mariano García,Mariano García
e470,revista:filipinas,persona:mariano gomez,Undirected,1,Filipinas — Mariano Gómez (1),Filipinas,Mariano Gómez,Mariano Gómez
e471,revista:filipinas,persona:marquesa de graham,Undirected,1,Filipinas — Marquesa de Graham (1),Filipinas,Marquesa de Graham,Marquesa de Graham
e472,revista:filipinas,persona:martin ocampo,Undirected,2,Filipinas — Martin Ocampo (2),Filipinas,Martin Ocampo,Martin Ocampo
e473,revista:filipinas,persona:mary j johnston,Undirected,3,Filipinas — Mary J. Johnston (3),Filipinas,Mary J. Johnston,Mary J. Johnston
e474,revista:filipinas,persona:matilde montoya,Undirected,2,Filipinas — Matilde Montoya (2),Filipinas,Matilde Montoya,Matilde Montoya
e475,revista:filipinas,persona:maura,Undirected,1,Filipinas — Maura (1),Filipinas,Maura,Maura
e476,revista:filipinas,persona:maximiliano,Undirected,1,Filipinas — Maximiliano (1),Filipinas,Maximiliano,Maximiliano
e477,revista:filipinas,persona:mimosa pedica,Undirected,1,Filipinas — Mimosa Pedica (1),Filipinas,Mimosa Pedica,Mimosa Pedica
e478,revista:filipinas,persona:mme curie,Undirected,2,Filipinas — Mme. Curie (2),Filipinas,Mme. Curie,Mme. Curie
e479,revista:filipinas,persona:mme jules lebandy,Undirected,1,Filipinas — Mme. Jules Lebandy (1),Filipinas,Mme. Jules Lebandy,Mme. Jules Lebandy
e480,revista:filipinas,persona:modesto de castro,Undirected,1,Filipinas — Modesto de Castro (1),Filipinas,Modesto de Castro,Modesto de Castro
e481,revista:filipinas,persona:morgan,Undirected,1,Filipinas — Morgan (1),Filipinas,Morgan,Morgan
e482,revista:filipinas,persona:mozart,Undirected,1,Filipinas — Mozart (1),Filipinas,Mozart,Mozart
e483,revista:filipinas,persona:mr john,Undirected,4,Filipinas — Mr. John (4),Filipinas,Mr. John,Mr. John
e484,revista:filipinas,persona:mrs russell sage,Undirected,1,Filipinas — Mrs. Russell Sage (1),Filipinas,Mrs. Russell Sage,Mrs. Russell Sage
e485,revista:filipinas,persona:mrs william howard taft,Undirected,6,Filipinas — Mrs. William Howard Taft (6),Filipinas,Mrs. William Howard Taft,Mrs. William Howard Taft
e486,revista:filipinas,persona:mutsu-hito,Undirected,1,Filipinas — Mutsu-Hito (1),Filipinas,Mutsu-Hito,Mutsu-Hito
e487,revista:filipinas,persona:napoleon iii,Undirected,1,Filipinas — Napoleón III (1),Filipinas,Napoleón III,Napoleón III
e488,revista:filipinas,persona:ogden goelet,Undirected,1,Filipinas — Ogden Goelet (1),Filipinas,Ogden Goelet,Ogden Goelet
e489,revista:filipinas,persona:ostwald,Undirected,1,Filipinas — Ostwald (1),Filipinas,Ostwald,Ostwald
e490,revista:filipinas,persona:pacifico victoriano,Undirected,1,Filipinas — Pacífico Victoriano (1),Filipinas,Pacífico Victoriano,Pacífico Victoriano
e491,revista:filipinas,persona:pascual h poblete,Undirected,1,Filipinas — Pascual H. Poblete (1),Filipinas,Pascual H. Poblete,Pascual H. Poblete
e492,revista:filipinas,persona:patrich shao,Undirected,1,Filipinas — Patrich Shao (1),Filipinas,Patrich Shao,Patrich Shao
e493,revista:filipinas,persona:patricio,Undirected,1,Filipinas — Patricio (1),Filipinas,Patricio,Patricio
e494,revista:filipinas,persona:pedro pilapil,Undirected,1,Filipinas — Pedro Pilapil (1),Filipinas,Pedro Pilapil,Pedro Pilapil
e495,revista:filipinas,persona:pepe,Undirected,2,Filipinas — Pepe (2),Filipinas,Pepe,Pepe
e496,revista:filipinas,persona:pepita,Undirected,5,Filipinas — Pepita (5),Filipinas,Pepita,Pepita
e497,revista:filipinas,persona:peter m myers,Undirected,2,Filipinas — Peter M. Myers (2),Filipinas,Peter M. Myers,Peter M. Myers
e498,revista:filipinas,persona:pierre loti,Undirected,1,Filipinas — Pierre Loti (1),Filipinas,Pierre Loti,Pierre Loti
e499,revista:filipinas,persona:pilar j lazaro,Undirected,1,Filipinas — Pilar J. Lázaro (1),Filipinas,Pilar J. Lázaro,Pilar J. Lázaro
e500,revista:filipinas,persona:pomposa,Undirected,1,Filipinas — Pomposa (1),Filipinas,Pomposa,Pomposa
e501,revista:filipinas,persona:princesa beatriz,Undirected,1,Filipinas — Princesa Beatriz (1),Filipinas,Princesa Beatriz,Princesa Beatriz
e502,revista:filipinas,persona:principe alberto,Undirected,1,Filipinas — Príncipe Alberto (1),Filipinas,Príncipe Alberto,Príncipe Alberto
e503,revista:filipinas,persona:principe enrique battenberg,Undirected,1,Filipinas — Príncipe Enrique Battenberg (1),Filipinas,Príncipe Enrique Battenberg,Príncipe Enrique Battenberg
e504,revista:filipinas,persona:puccini,Undirected,1,Filipinas — Puccini (1),Filipinas,Puccini,Puccini
e505,revista:filipinas,persona:pura villanueva,Undirected,1,Filipinas — Pura Villanueva (1),Filipinas,Pura Villanueva,Pura Villanueva
e506,revista:filipinas,persona:quiroga,Undirected,2,Filipinas — Quiroga (2),Filipinas,Quiroga,Quiroga
e507,revista:filipinas,persona:rafael palma,Undirected,2,Filipinas — Rafael Palma (2),Filipinas,Rafael Palma,Rafael Palma
e508,revista:filipinas,persona:ramon diokno,Undirected,1,Filipinas — Ramón Diokno (1),Filipinas,Ramón Diokno,Ramón Diokno
e509,revista:filipinas,persona:rebecca parish,Undirected,2,Filipinas — Rebecca Parish (2),Filipinas,Rebecca Parish,Rebecca Parish
e510,revista:filipinas,persona:rockefeller,Undirected,1,Filipinas — Rockefeller (1),Filipinas,Rockefeller,Rockefeller
e511,revista:filipinas,persona:rosalia cobarrubias,Undirected,1,Filipinas — Rosalia Cobarrubias (1),Filipinas,Rosalia Cobarrubias,Rosalia Cobarrubias
e512,revista:filipinas,persona:rosario lam de escobar,Undirected,5,Filipinas — Rosario Lam de Escobar (5),Filipinas,Rosario Lam de Escobar,Rosario Lam de Escobar
e513,revista:filipinas,persona:rose duddley,Undirected,1,Filipinas — Rose Duddley (1),Filipinas,Rose Duddley,Rose Duddley
e514,revista:filipinas,persona:s b johnston,Undirected,1,Filipinas — S. B. Johnston (1),Filipinas,S. B. Johnston,S. B. Johnston
e515,revista:filipinas,persona:saint prosper,Undirected,1,Filipinas — Saint Prosper (1),Filipinas,Saint Prosper,Saint Prosper
e516,revista:filipinas,persona:saturnina rizal,Undirected,4,Filipinas — Saturnina Rizal (4),Filipinas,Saturnina Rizal,Saturnina Rizal
e517,revista:filipinas,persona:schiller,Undirected,2,Filipinas — Schiller (2),Filipinas,Schiller,Schiller
e518,revista:filipinas,persona:schmidt,Undirected,1,Filipinas — Schmidt (1),Filipinas,Schmidt,Schmidt
e519,revista:filipinas,persona:selma lagerloff,Undirected,1,Filipinas — Selma Lagerloff (1),Filipinas,Selma Lagerloff,Selma Lagerloff
e520,revista:filipinas,persona:semiramis,Undirected,2,Filipinas — Semíramis (2),Filipinas,Semíramis,Semíramis
e521,revista:filipinas,persona:sergio osmena,Undirected,1,Filipinas — Sergio Osmeña (1),Filipinas,Sergio Osmeña,Sergio Osmeña
e522,revista:filipinas,persona:silvano,Undirected,6,Filipinas — Silvano (6),Filipinas,Silvano,Silvano
e523,revista:filipinas,persona:simplicio solis,Undirected,1,Filipinas — Simplicio Solís (1),Filipinas,Simplicio Solís,Simplicio Solís
e524,revista:filipinas,persona:smiles,Undirected,1,Filipinas — Smiles (1),Filipinas,Smiles,Smiles
e525,revista:filipinas,persona:sra creel,Undirected,1,Filipinas — Sra. Creel (1),Filipinas,Sra. Creel,Sra. Creel
e526,revista:filipinas,persona:sra peter m myers,Undirected,1,Filipinas — Sra. Peter M. Myers (1),Filipinas,Sra. Peter M. Myers,Sra. Peter M. Myers
e527,revista:filipinas,persona:sully prudhomme,Undirected,1,Filipinas — Sully Prudhomme (1),Filipinas,Sully Prudhomme,Sully Prudhomme
e528,revista:filipinas,persona:sumulong,Undirected,1,Filipinas — Sumulong (1),Filipinas,Sumulong,Sumulong
e529,revista:filipinas,persona:taboli,Undirected,1,Filipinas — Taboli (1),Filipinas,Taboli,Taboli
e530,revista:filipinas,persona:tansiang,Undirected,3,Filipinas — Tansiang (3),Filipinas,Tansiang,Tansiang
e531,revista:filipinas,persona:teodoro kocher,Undirected,1,Filipinas — Teodoro Kocher (1),Filipinas,Teodoro Kocher,Teodoro Kocher
e532,revista:filipinas,persona:teodoro m kalaw,Undirected,2,Filipinas — Teodoro M. Kalaw (2),Filipinas,Teodoro M. Kalaw,Teodoro M. Kalaw
e533,revista:filipinas,persona:thomas,Undirected,1,Filipinas — Thomas (1),Filipinas,Thomas,Thomas
e534,revista:filipinas,persona:tinding,Undirected,4,Filipinas — Tinding (4),Filipinas,Tinding,Tinding
e535,revista:filipinas,persona:verdi,Undirected,1,Filipinas — Verdi (1),Filipinas,Verdi,Verdi
e536,revista:filipinas,persona:vicente e genato,Undirected,5,Filipinas — Vicente E. Genato (5),Filipinas,Vicente E. Genato,Vicente E. Genato
e537,revista:filipinas,persona:victor hugo,Undirected,1,Filipinas — Victor Hugo (1),Filipinas,Victor Hugo,Victor Hugo
e538,revista:filipinas,persona:victoria eugenia ena de battenberg,Undirected,1,Filipinas — Victoria Eugenia Ena de Battenberg (1),Filipinas,Victoria Eugenia Ena de Battenberg,Victoria Eugenia Ena de Battenberg
e539,revista:filipinas,persona:victoria i,Undirected,3,Filipinas — Victoria I (3),Filipinas,Victoria I,Victoria I
e540,revista:filipinas,persona:von bohlen,Undirected,1,Filipinas — Von Bohlen (1),Filipinas,Von Bohlen,Von Bohlen
e541,revista:filipinas,persona:w a kinkaid,Undirected,1,Filipinas — W. A. Kinkaid (1),Filipinas,W. A. Kinkaid,W. A. Kinkaid
e542,revista:filipinas,persona:wenceslao bonus,Undirected,1,Filipinas — Wenceslao Bonus (1),Filipinas,Wenceslao Bonus,Wenceslao Bonus
e543,revista:filipinas,persona:wenceslawa daman,Undirected,1,Filipinas — Wenceslawa Daman (1),Filipinas,Wenceslawa Daman,Wenceslawa Daman
e544,revista:filipinas,persona:william howard taft,Undirected,2,Filipinas — William Howard Taft (2),Filipinas,William Howard Taft,William Howard Taft
e545,revista:filipinas,persona:zeigler,Undirected,1,Filipinas — Zeigler (1),Filipinas,Zeigler,Zeigler
