Id,Label,Type,NodeType,TotalFrequency,RevistaCount,Revistas,Variants
revista:heraldo de la mujer,Heraldo de la Mujer,revista,revista,251,,Heraldo de la Mujer,
revista:fémina,Fémina,revista,revista,607,,Fémina,
revista:filipinas,Filipinas,revista,revista,356,,Filipinas,
persona:a scaroina,A. Scaroina,persona,persona,1,1,Fémina,A. Scaroina
persona:adan,Adan,persona,persona,1,1,Filipinas,Adan
persona:adela astol,Adela Astol,persona,persona,1,1,Heraldo de la Mujer,Adela Astol
persona:adolfo a nouel,Adolfo A. Nouel,persona,persona,3,1,Fémina,Adolfo A. Nouel
persona:afranio peixoto,Afranio Peixoto,persona,persona,1,1,Heraldo de la Mujer,Afranio Peixoto
persona:agripa,Agripa,persona,persona,1,1,Filipinas,Agripa
persona:agustin reyes,Agustin Reyes,persona,persona,1,1,Filipinas,Agustin Reyes
persona:agustina de aragon,Agustina de Aragón,persona,persona,1,1,Filipinas,Agustina de Aragón
persona:aime martin,Aime Martin,persona,persona,1,1,Filipinas,Aime Martin
persona:alan seeger,Alan Seeger,persona,persona,1,1,Heraldo de la Mujer,Alan Seeger
persona:alejandro cabrera reyes,Alejandro Cabrera Reyes,persona,persona,1,1,Fémina,Alejandro Cabrera Reyes
persona:alfonsina m de rodriguez,Alfonsina M. de Rodríguez,persona,persona,1,1,Fémina,Alfonsina M. de Rodríguez
persona:alfonsina storni,Alfonsina Storni,persona,persona,1,1,Fémina,Alfonsina Storni
persona:alfonso,Alfonso,persona,persona,1,1,Fémina,Alfonso
persona:alfonso xiii,Alfonso XIII,persona,persona,8,1,Filipinas,Alfonso XIII
persona:alfredo gonzalez,Alfredo González,persona,persona,2,1,Heraldo de la Mujer,Alfredo González
persona:almostain,Almostaín,persona,persona,1,1,Filipinas,Almostaín
persona:alodia,Alodia,persona,persona,2,1,Filipinas,Alodia
persona:alphonse daudet,Alphonse Daudet,persona,persona,1,1,Filipinas,Alphonse Daudet
persona:altagracia savinon,Altagracia Saviñón,persona,persona,1,1,Fémina,Altagracia Saviñón
persona:alvina van praet,Alvina van Praet,persona,persona,1,1,Heraldo de la Mujer,Alvina van Praet
persona:amado nervo,Amado Nervo,persona,persona,2,1,Heraldo de la Mujer,Amado Nervo
persona:amalia francisco,Amalia Francisco,persona,persona,1,1,Filipinas,Amalia Francisco
persona:amalia garcia,Amalia Garcia,persona,persona,1,1,Heraldo de la Mujer,Amalia Garcia
persona:amenophis iii,Amenophis III,persona,persona,1,1,Heraldo de la Mujer,Amenophis III
persona:amenophis iv,Amenophis IV,persona,persona,1,1,Heraldo de la Mujer,Amenophis IV
persona:amparito herrera,Amparito Herrera,persona,persona,3,1,Fémina,Amparito Herrera
persona:amparo fernandez nater,Amparo Fernández Náter,persona,persona,5,1,Heraldo de la Mujer,Amparo Fernández Náter
persona:america de moya,América de Moya,persona,persona,1,1,Fémina,América de Moya
persona:ana c bernal,Ana C. Bernal,persona,persona,1,1,Heraldo de la Mujer,Ana C. Bernal
persona:ana matilde gonzalez cuyar,Ana Matilde Gonzalez Cuyar,persona,persona,1,1,Heraldo de la Mujer,Ana Matilde Gonzalez Cuyar
persona:ana roque de duprey,Ana Roqué de Duprey,persona,persona,33,1,Heraldo de la Mujer,Ana Roqué de Duprey
persona:ana wauker,Ana Wauker,persona,persona,1,1,Filipinas,Ana Wauker
persona:anacleto del rosario,Anacleto del Rosario,persona,persona,1,1,Filipinas,Anacleto del Rosario
persona:anciay,Anciay,persona,persona,1,1,Filipinas,Anciay
persona:andres avelino,Andrés Avelino,persona,persona,1,1,Fémina,Andrés Avelino
persona:andres bonifacio,Andrés Bonifacio,persona,persona,2,1,Filipinas,Andrés Bonifacio
persona:angel giorgetti,Angel Giorgetti,persona,persona,1,1,Heraldo de la Mujer,Angel Giorgetti
persona:angel jose,Angel José,persona,persona,1,1,Filipinas,Angel José
persona:angel san padilla,Angel San Padilla,persona,persona,1,1,Heraldo de la Mujer,Angel San Padilla
persona:angela,Angela,persona,persona,2,1,Filipinas,Angela
persona:angelita c de mino,Angelita C. de Miño,persona,persona,1,1,Heraldo de la Mujer,Angelita C. de Miño
persona:anne morgan,Anne Morgan,persona,persona,3,1,Filipinas,Anne Morgan
persona:annie besant,Annie Besant,persona,persona,1,1,Heraldo de la Mujer,Annie Besant
persona:anselmo,Anselmo,persona,persona,1,1,Filipinas,Anselmo
persona:antonio barcelo,Antonio Barceló,persona,persona,4,1,Heraldo de la Mujer,Antonio Barceló
persona:antonio elmudesi,Antonio Elmudesi,persona,persona,1,1,Fémina,Antonio Elmudesi
persona:antonio julian hac,Antonio Julián Hac,persona,persona,1,1,Fémina,Antonio Julián Hac
persona:antonio luna,Antonio Luna,persona,persona,1,1,Filipinas,Antonio Luna
persona:antonio otero,Antonio Otero,persona,persona,1,1,Heraldo de la Mujer,Antonio Otero
persona:antonio valdez hijo,Antonio Valdez hijo,persona,persona,3,1,Fémina,Antonio Valdez hijo
persona:apolinario mabini,Apolinario Mabini,persona,persona,1,1,Filipinas,Apolinario Mabini
persona:arcadio arellano,Arcadio Arellano,persona,persona,1,1,Filipinas,Arcadio Arellano
persona:aristarco de samos,Aristarco de Samos,persona,persona,2,1,Heraldo de la Mujer,Aristarco de Samos
persona:aristoteles,Aristóteles,persona,persona,2,1,Heraldo de la Mujer,Aristóteles
persona:armando d garcia,Armando D. García,persona,persona,1,1,Heraldo de la Mujer,Armando D. García
persona:armando moreaux,Armando Moreaux,persona,persona,1,1,Fémina,Armando Moreaux
persona:armando oscar,Armando Oscar,persona,persona,8,1,Fémina,Armando Oscar
persona:arsenio cruz herrera,Arsenio Cruz Herrera,persona,persona,2,1,Filipinas,Arsenio Cruz Herrera
persona:arsenio perdiguero,Arsenio Perdiguero,persona,persona,2,1,Fémina,Arsenio Perdiguero
persona:artemisa,Artemisa,persona,persona,1,1,Filipinas,Artemisa
persona:arthur langdon,Arthur Langdon,persona,persona,4,1,Heraldo de la Mujer,Arthur Langdon
persona:arturo pellerano alfau,Arturo Pellerano Alfau,persona,persona,1,1,Fémina,Arturo Pellerano Alfau
persona:aristides garcia mella,Arístides García Mella,persona,persona,2,1,Fémina,Arístides García Mella
persona:asuncion manahan,Asuncion Manahan,persona,persona,1,1,Filipinas,Asuncion Manahan
persona:atenas richiez,Atenas Richiez,persona,persona,1,1,Fémina,Atenas Richiez
persona:augusto emilio,Augusto Emilio,persona,persona,1,1,Fémina,Augusto Emilio
persona:avril de sainte-croix,Avril de Sainte-Croix,persona,persona,1,1,Heraldo de la Mujer,Avril de Sainte-Croix
persona:b de b,B. de B.,persona,persona,1,1,Filipinas,B. de B.
persona:b portela alvarez,B. Portela Alvarez,persona,persona,12,1,Fémina,B. Portela Alvarez
persona:baronesa von suttner,Baronesa von Suttner,persona,persona,1,1,Filipinas,Baronesa von Suttner
persona:baron de estournelles de constant,Barón de Estournelles de Constant,persona,persona,1,1,Filipinas,Barón de Estournelles de Constant
persona:baron sonnino,Barón Sonnino,persona,persona,1,1,Heraldo de la Mujer,Barón Sonnino
persona:basilio martinez,Basilio Martinez,persona,persona,1,1,Filipinas,Basilio Martinez
persona:beatriz,Beatriz,persona,persona,5,1,Filipinas,Beatriz
persona:beatriz del dante,Beatriz del Dante,persona,persona,1,1,Fémina,Beatriz del Dante
persona:belisario rosas,Belisario Rosas,persona,persona,1,1,Filipinas,Belisario Rosas
persona:belen a de duran,Belén A. de Durán,persona,persona,1,1,Fémina,Belén A. de Durán
persona:ben b lindsey,Ben B. Lindsey,persona,persona,3,1,Heraldo de la Mujer,Ben B. Lindsey
persona:benedetto giuseppe virilli,Benedetto Giuseppe Virilli,persona,persona,1,1,Fémina,Benedetto Giuseppe Virilli
persona:benita a de roda,Benita A. de Roda,persona,persona,1,1,Filipinas,Benita A. de Roda
persona:bernabe santos,Bernabé Santos,persona,persona,1,1,Filipinas,Bernabé Santos
persona:blanca rodriguez,Blanca Rodríguez,persona,persona,1,1,Fémina,Blanca Rodríguez
persona:blasco ibanez,Blasco Ibáñez,persona,persona,1,1,Heraldo de la Mujer,Blasco Ibáñez
persona:blundell maple,Blundell Maple,persona,persona,1,1,Filipinas,Blundell Maple
persona:bonald,Bonald,persona,persona,1,1,Filipinas,Bonald
persona:braun,Braun,persona,persona,1,1,Filipinas,Braun
persona:buigricout,Buigricout,persona,persona,1,1,Filipinas,Buigricout
persona:bulaklak,Bulaklak,persona,persona,1,1,Filipinas,Bulaklak
persona:c j fife,C. J. Fife,persona,persona,1,1,Filipinas,C. J. Fife
persona:cambucha de sanchidrian,Cambucha de Sanchidrián,persona,persona,1,1,Heraldo de la Mujer,Cambucha de Sanchidrián
persona:camille flammarion,Camille Flammarion,persona,persona,3,1,Heraldo de la Mujer,Camille Flammarion
persona:candido tria tirona,Candido Tria Tirona,persona,persona,1,1,Filipinas,Candido Tria Tirona
persona:cantu,Cantu,persona,persona,1,1,Filipinas,Cantu
persona:captain ravier,Captain Ravier,persona,persona,1,1,Heraldo de la Mujer,Captain Ravier
persona:carlos b leonor,Carlos B. Leonor,persona,persona,2,1,Fémina,Carlos B. Leonor
persona:carlota mendez,Carlota Mendez,persona,persona,5,1,Heraldo de la Mujer,Carlota Mendez
persona:carmela eulate sanjurjo,Carmela Eulate Sanjurjo,persona,persona,10,1,Heraldo de la Mujer,Carmela Eulate Sanjurjo
persona:carmelita morales,Carmelita Morales,persona,persona,1,1,Fémina,Carmelita Morales
persona:carmen edano,Carmen Edano,persona,persona,1,1,Filipinas,Carmen Edano
persona:carmen espinet,Carmen Espinet,persona,persona,1,1,Fémina,Carmen Espinet
persona:carmen farinas,Carmen Fariñas,persona,persona,2,1,Filipinas,Carmen Fariñas
persona:caro,Caro,persona,persona,1,1,Filipinas,Caro
persona:carrie chapman catt,Carrie Chapman Catt,persona,persona,1,1,Heraldo de la Mujer,Carrie Chapman Catt
persona:catalino doranila,Catalino Doranila,persona,persona,1,1,Filipinas,Catalino Doranila
persona:catherine breshkovsky,Catherine Breshkovsky,persona,persona,2,1,Heraldo de la Mujer,Catherine Breshkovsky
persona:cayetano arellano,Cayetano Arellano,persona,persona,1,1,Filipinas,Cayetano Arellano
persona:cayetano coll y toste,Cayetano Coll y Toste,persona,persona,2,1,Heraldo de la Mujer,Cayetano Coll y Toste
persona:cecilio apostol,Cecilio Apóstol,persona,persona,1,1,Filipinas,Cecilio Apóstol
persona:celina l de gonzalez,Celina L. de González,persona,persona,2,1,Fémina,Celina L. de González
persona:celina regel gilson,Celina Regel Gilson,persona,persona,1,1,Fémina,Celina Regel Gilson
persona:charles gilman,Charles Gilman,persona,persona,3,1,Filipinas,Charles Gilman
persona:charles kingsley,Charles Kingsley,persona,persona,1,1,Filipinas,Charles Kingsley
persona:cheita ricart,Cheita Ricart,persona,persona,1,1,Fémina,Cheita Ricart
persona:chesterfield,Chesterfield,persona,persona,1,1,Filipinas,Chesterfield
persona:ciceron,Ciceron,persona,persona,1,1,Filipinas,Ciceron
persona:clemencia merval,Clemencia Merval,persona,persona,1,1,Fémina,Clemencia Merval
persona:concepcion jimeno de flaquer,Concepción Jimeno de Flaquer,persona,persona,1,1,Filipinas,Concepción Jimeno de Flaquer
persona:concha melendez,Concha Meléndez,persona,persona,10,1,Heraldo de la Mujer,Concha Meléndez
persona:conde despara,Conde Despara,persona,persona,4,1,Heraldo de la Mujer,Conde Despara
persona:condesa de bureta,Condesa de Bureta,persona,persona,1,1,Filipinas,Condesa de Bureta
persona:condesa de pardo bazan,Condesa de Pardo Bazan,persona,persona,1,1,Filipinas,Condesa de Pardo Bazan
persona:condesa de szechanbl,Condesa de Szechanbl,persona,persona,1,1,Filipinas,Condesa de Szechanbl
persona:condesa diane de beausacq,Condesa Diane de Beausacq,persona,persona,2,1,Filipinas,Condesa Diane de Beausacq
persona:consolacion amada,Consolacion Amada,persona,persona,1,1,Filipinas,Consolacion Amada
persona:constancia poblete,Constancia Poblete,persona,persona,10,1,Filipinas,Constancia Poblete
persona:constantino valero,Constantino Valero,persona,persona,1,1,Fémina,Constantino Valero
persona:consuelo montalvo de frias,Consuelo Montalvo de Frías,persona,persona,64,1,Fémina,Consuelo Montalvo de Frías
persona:corza espinet,Corza Espinet,persona,persona,1,1,Fémina,Corza Espinet
persona:cosima liszt de wagner,Cosima Liszt de Wagner,persona,persona,1,1,Heraldo de la Mujer,Cosima Liszt de Wagner
persona:crispulo layog,Crispulo Layog,persona,persona,1,1,Filipinas,Crispulo Layog
persona:cruz maria prince,Cruz María Prince,persona,persona,1,1,Fémina,Cruz María Prince
persona:candida richiez,Cándida Richiez,persona,persona,2,1,Fémina,Cándida Richiez
persona:carlos ronquillo,Cárlos Ronquillo,persona,persona,1,1,Filipinas,Cárlos Ronquillo
persona:daniel gonzalez,Daniel González,persona,persona,1,1,Fémina,Daniel González
persona:daniel lesueur,Daniel Lesueur,persona,persona,1,1,Filipinas,Daniel Lesueur
persona:david gray,David Gray,persona,persona,1,1,Heraldo de la Mujer,David Gray
persona:dean c worcester,Dean C. Worcester,persona,persona,2,1,Filipinas,Dean C. Worcester
persona:delcilida fiallo,Delcilida Fiallo,persona,persona,1,1,Fémina,Delcilida Fiallo
persona:delia dubot,Delia Dubot,persona,persona,2,1,Fémina,Delia Dubot
persona:delia m weber,Delia M. Weber,persona,persona,10,1,Fémina,Delia M. Weber
persona:delia sasso,Delia Sasso,persona,persona,1,1,Fémina,Delia Sasso
persona:dimas frias,Dimas Frías,persona,persona,4,1,Fémina,Dimas Frías
persona:dolores bolio,Dolores Bolio,persona,persona,1,1,Heraldo de la Mujer,Dolores Bolio
persona:dolores c velarde,Dolores C. Velarde,persona,persona,1,1,Filipinas,Dolores C. Velarde
persona:dolorosa,Dolorosa,persona,persona,1,1,Filipinas,Dolorosa
persona:donizetti,Donizetti,persona,persona,1,1,Filipinas,Donizetti
persona:dora mayer,Dora Mayer,persona,persona,1,1,Heraldo de la Mujer,Dora Mayer
persona:dr charles stiles,Dr. Charles Stiles,persona,persona,2,1,Filipinas,Dr. Charles Stiles
persona:dr cronin,Dr. Cronin,persona,persona,1,1,Filipinas,Dr. Cronin
persona:dr janer,Dr. Janer,persona,persona,1,1,Heraldo de la Mujer,Dr. Janer
persona:dr jose rizal,Dr. José Rizal,persona,persona,7,1,Filipinas,Dr. José Rizal
persona:dr mariano a gana,Dr. Mariano A. Gana,persona,persona,1,1,Filipinas,Dr. Mariano A. Gana
persona:dr witmer,Dr. Witmer,persona,persona,3,1,Filipinas,Dr. Witmer
persona:dulce maria borrero de lujan,Dulce María Borrero de Luján,persona,persona,2,1,Fémina,Dulce María Borrero de Luján
persona:duquesa de roxburgh,Duquesa de Roxburgh,persona,persona,1,1,Filipinas,Duquesa de Roxburgh
persona:duramelegare,Duramelegare,persona,persona,1,1,Filipinas,Duramelegare
persona:e b williams,E. B. Williams,persona,persona,1,1,Filipinas,E. B. Williams
persona:e valdes,E. Valdés,persona,persona,1,1,Fémina,E. Valdés
persona:edmundo saint-denis,Edmundo Saint-Denis,persona,persona,1,1,Fémina,Edmundo Saint-Denis
persona:edouard herve,Edouard Hervé,persona,persona,1,1,Filipinas,Edouard Hervé
persona:eduardo alberto principe de gales,Eduardo Alberto (Príncipe de Gales),persona,persona,1,1,Heraldo de la Mujer,Eduardo Alberto (Príncipe de Gales)
persona:eduardo vii,Eduardo VII,persona,persona,1,1,Filipinas,Eduardo VII
persona:eduvigis rosas,Eduvigis Rosas,persona,persona,3,1,Fémina,Eduvigis Rosas
persona:elena,Elena,persona,persona,1,1,Filipinas,Elena
persona:elena arizmendi duersch,Elena Arizmendi Duersch,persona,persona,5,1,Fémina,Elena Arizmendi Duersch
persona:elena matintiman,Elena Matintiman,persona,persona,2,1,Filipinas,Elena Matintiman
persona:elie faure,Elie Faure,persona,persona,1,1,Fémina,Elie Faure
persona:elisa romero,Elisa Romero,persona,persona,1,1,Filipinas,Elisa Romero
persona:elizabeth barrett browning,Elizabeth Barrett Browning,persona,persona,1,1,Filipinas,Elizabeth Barrett Browning
persona:elpidia yia,Elpidia Yía,persona,persona,2,1,Filipinas,Elpidia Yía
persona:emerson,Emerson,persona,persona,1,1,Filipinas,Emerson
persona:emiliano tejera,Emiliano Tejera,persona,persona,2,1,Fémina,Emiliano Tejera
persona:emilio a morel,Emilio A. Morel,persona,persona,7,1,Fémina,Emilio A. Morel
persona:emilio benedicto,Emilio Benedicto,persona,persona,1,1,Fémina,Emilio Benedicto
persona:emilio gerona,Emilio Gerona,persona,persona,1,1,Filipinas,Emilio Gerona
persona:enrico caruso,Enrico Caruso,persona,persona,1,1,Heraldo de la Mujer,Enrico Caruso
persona:enrique cambier,Enrique Cambier,persona,persona,6,1,Fémina,Enrique Cambier
persona:enrique montano hijo,Enrique Montano Hijo,persona,persona,1,1,Fémina,Enrique Montano Hijo
persona:enriqueta maggiolo de cruzado,Enriqueta Maggiolo de Cruzado,persona,persona,22,1,Fémina,Enriqueta Maggiolo de Cruzado
persona:ernestina gomez perez,Ernestina Gómez Pérez,persona,persona,1,1,Fémina,Ernestina Gómez Pérez
persona:esopo,Esopo,persona,persona,1,1,Heraldo de la Mujer,Esopo
persona:essad pasha,Essad Pasha,persona,persona,1,1,Heraldo de la Mujer,Essad Pasha
persona:estanislawa magat,Estanislawa Magat,persona,persona,1,1,Filipinas,Estanislawa Magat
persona:eugene mouton,Eugene Mouton,persona,persona,1,1,Filipinas,Eugene Mouton
persona:eugenia,Eugenia,persona,persona,1,1,Filipinas,Eugenia
persona:eugenio deschamps,Eugenio Deschamps,persona,persona,1,1,Fémina,Eugenio Deschamps
persona:eugenio maria de hostos,Eugenio María de Hostos,persona,persona,2,1,Heraldo de la Mujer,Eugenio María de Hostos
persona:eva,Eva,persona,persona,1,1,Filipinas,Eva
persona:evangelina adams,Evangelina Adams,persona,persona,1,1,Fémina,Evangelina Adams
persona:evangelina rodriguez,Evangelina Rodríguez,persona,persona,6,1,Fémina,Evangelina Rodríguez
persona:fabio fiallo,Fabio Fiallo,persona,persona,6,1,Fémina,Fabio Fiallo
persona:fabiola cano sone,Fabiola Cano Soñé,persona,persona,1,1,Fémina,Fabiola Cano Soñé
persona:fabian vidal,Fabián Vidal,persona,persona,1,1,Filipinas,Fabián Vidal
persona:faustino aguilar,Faustino Aguilar,persona,persona,1,1,Filipinas,Faustino Aguilar
persona:fe mesina,Fe Mesina,persona,persona,1,1,Fémina,Fe Mesina
persona:federico henriquez y carvajal,Federico Henríquez y Carvajal,persona,persona,10,1,Fémina,Federico Henríquez y Carvajal
persona:federico santander,Federico Santander,persona,persona,2,1,Heraldo de la Mujer,Federico Santander
persona:fedora pellerano,Fedora Pellerano,persona,persona,1,1,Fémina,Fedora Pellerano
persona:felicidad legaspi,Felicidad Legaspi,persona,persona,1,1,Filipinas,Felicidad Legaspi
persona:felicidad villarica,Felicidad Villarica,persona,persona,2,1,Filipinas,Felicidad Villarica
persona:felipe barretto,Felipe Barretto,persona,persona,1,1,Filipinas,Felipe Barretto
persona:felipe de j espinosa,Felipe de J. Espinosa,persona,persona,1,1,Fémina,Felipe de J. Espinosa
persona:felipe rincon g,Felipe Rincón G.,persona,persona,1,1,Fémina,Felipe Rincón G.
persona:felisberta soliongko,Felisberta Soliongko,persona,persona,1,1,Filipinas,Felisberta Soliongko
persona:felix de jesus,Felix de Jesus,persona,persona,1,1,Filipinas,Felix de Jesus
persona:felix ullmann,Felix Ullmann,persona,persona,2,1,Filipinas,Felix Ullmann
persona:fernando ma guerrero,Fernando M.a Guerrero,persona,persona,1,1,Filipinas,Fernando M.a Guerrero
persona:fidel a reyes,Fidel A. Reyes,persona,persona,1,1,Filipinas,Fidel A. Reyes
persona:fidela m de rodriguez,Fidela M. de Rodríguez,persona,persona,2,1,Heraldo de la Mujer,Fidela M. de Rodríguez
persona:florencio,Florencio,persona,persona,2,1,Filipinas,Florencio
persona:florinda ligaya,Florinda Ligaya,persona,persona,2,1,Filipinas,Florinda Ligaya
persona:francis jammes,Francis Jammes,persona,persona,2,1,Heraldo de la Mujer,Francis Jammes
persona:francisca gesmundo,Francisca Gesmundo,persona,persona,8,1,Filipinas,Francisca Gesmundo
persona:francisco baltazar,Francisco Baltazar,persona,persona,3,1,Filipinas,Francisco Baltazar
persona:francisco de guia,Francisco de Guia,persona,persona,2,1,Filipinas,Francisco de Guia
persona:francisco ferrer guardia,Francisco Ferrer Guardia,persona,persona,1,1,Filipinas,Francisco Ferrer Guardia
persona:francisco gonzalez fagundo,Francisco González Fagundo,persona,persona,2,1,Heraldo de la Mujer,Francisco González Fagundo
persona:frieda von buelow,Frieda von Buelow,persona,persona,2,1,Heraldo de la Mujer,Frieda von Buelow
persona:friedrich nietzsche,Friedrich Nietzsche,persona,persona,1,1,Heraldo de la Mujer,Friedrich Nietzsche
persona:frederic chopin,Frédéric Chopin,persona,persona,4,1,Heraldo de la Mujer,Frédéric Chopin
persona:felix m perez,Félix M. Pérez,persona,persona,8,1,Fémina,Félix M. Pérez
persona:galo lichauco,Galo Lichauco,persona,persona,1,1,Filipinas,Galo Lichauco
persona:garrigou lagrange,Garrigou Lagrange,persona,persona,1,1,Heraldo de la Mujer,Garrigou Lagrange
persona:genarina polanco,Genarina Polanco,persona,persona,1,1,Fémina,Genarina Polanco
persona:generosa,Generosa,persona,persona,1,1,Filipinas,Generosa
persona:genivera prince,Genivera Prince,persona,persona,2,1,Fémina,Genivera Prince
persona:genoveva camaclan,Genoveva Camaclan,persona,persona,1,1,Filipinas,Genoveva Camaclan
persona:george brandes,George Brandes,persona,persona,1,1,Heraldo de la Mujer,George Brandes
persona:georges clemenceau,Georges Clemenceau,persona,persona,2,1,Heraldo de la Mujer,Georges Clemenceau
persona:geraldine maud froscher,Geraldine Maud Froscher,persona,persona,5,1,Heraldo de la Mujer,Geraldine Maud Froscher
persona:gertrude diersbach,Gertrude Diersbach,persona,persona,1,1,Filipinas,Gertrude Diersbach
persona:giovanni campa,Giovanni Campa,persona,persona,1,1,Fémina,Giovanni Campa
persona:gladys e de los santos n,Gladys E. de los Santos N.,persona,persona,2,1,Fémina,Gladys E. de los Santos N.
persona:gladys vanderbilt,Gladys Vanderbilt,persona,persona,1,1,Filipinas,Gladys Vanderbilt
persona:gloria faxas,Gloria Faxas,persona,persona,2,1,Fémina,Gloria Faxas
persona:godofredo canino,Godofredo Canino,persona,persona,2,1,Fémina,Godofredo Canino
persona:gomez carrillo,Gomez Carrillo,persona,persona,1,1,Heraldo de la Mujer,Gomez Carrillo
persona:graciano lopez jaena,Graciano Lopez Jaena,persona,persona,1,1,Filipinas,Graciano Lopez Jaena
persona:gregorio ballesteros,Gregorio Ballesteros,persona,persona,1,1,Filipinas,Gregorio Ballesteros
persona:gregorio m cansipit,Gregorio M. Cansipit,persona,persona,1,1,Filipinas,Gregorio M. Cansipit
persona:greta winslow,Greta Winslow,persona,persona,1,1,Heraldo de la Mujer,Greta Winslow
persona:guillermo,Guillermo,persona,persona,3,1,Filipinas,Guillermo
persona:haruko,Haruko,persona,persona,2,1,Filipinas,Haruko
persona:helen h gardener,Helen H. Gardener,persona,persona,3,1,Heraldo de la Mujer,Helen H. Gardener
persona:herbert hoover,Herbert Hoover,persona,persona,2,1,Heraldo de la Mujer,Herbert Hoover
persona:hermenegildo cruz,Hermenegildo Cruz,persona,persona,1,1,Filipinas,Hermenegildo Cruz
persona:hermilia galindo,Hermilia Galindo,persona,persona,2,1,Heraldo de la Mujer,Hermilia Galindo
persona:hetty green,Hetty Green,persona,persona,1,1,Filipinas,Hetty Green
persona:holofernes,Holofernes,persona,persona,2,1,Filipinas,Holofernes
persona:i h ducoudray,I. H. Ducoudray,persona,persona,1,1,Fémina,I. H. Ducoudray
persona:idin,Idin,persona,persona,1,1,Filipinas,Idin
persona:ignacio villamor,Ignacio Villamor,persona,persona,1,1,Filipinas,Ignacio Villamor
persona:irene baez de herrera,Irene Báez de Herrera,persona,persona,1,1,Fémina,Irene Báez de Herrera
persona:isabel amechazurra vda pellerano,Isabel Amechazurra Vda. Pellerano,persona,persona,17,1,Fémina,Isabel Amechazurra Vda. Pellerano
persona:isabel cortez,Isabel Cortez,persona,persona,2,1,Filipinas,Isabel Cortez
persona:isabel espinet,Isabel Espinet,persona,persona,1,1,Fémina,Isabel Espinet
persona:isabel la catolica,Isabel la Católica,persona,persona,1,1,Filipinas,Isabel la Católica
persona:isabelo de los reyes,Isabelo de los Reyes,persona,persona,2,1,Filipinas,Isabelo de los Reyes
persona:isern benitez,Isern Benítez,persona,persona,1,1,Heraldo de la Mujer,Isern Benítez
persona:isolina del toro,Isolina del Toro,persona,persona,1,1,Heraldo de la Mujer,Isolina del Toro
persona:j abraham,J. Abraham,persona,persona,1,1,Filipinas,J. Abraham
persona:j e del rosario,J. E. del Rosario,persona,persona,1,1,Filipinas,J. E. del Rosario
persona:j l,J. L.,persona,persona,1,1,Filipinas,J. L.
persona:j lewis crozer,J. Lewis Crozer,persona,persona,1,1,Filipinas,J. Lewis Crozer
persona:j m muxo,J. M. Muxó,persona,persona,1,1,Fémina,J. M. Muxó
persona:j perez lozada,J. Pérez Lozada,persona,persona,1,1,Fémina,J. Pérez Lozada
persona:jacinto zamora,Jacinto Zamora,persona,persona,1,1,Filipinas,Jacinto Zamora
persona:jaime c de veyra,Jaime C. de Veyra,persona,persona,1,1,Filipinas,Jaime C. de Veyra
persona:jean aicard,Jean Aicard,persona,persona,1,1,Filipinas,Jean Aicard
persona:joaquin ma bobea,Joaquín Ma. Bobea,persona,persona,9,1,Fémina,Joaquín Ma. Bobea
persona:joaquin s inchanstegui,Joaquín S. Inchanstegui,persona,persona,2,1,Fémina,Joaquín S. Inchanstegui
persona:john r edgar,John R. Edgar,persona,persona,2,1,Filipinas,John R. Edgar
persona:john ruskin,John Ruskin,persona,persona,1,1,Heraldo de la Mujer,John Ruskin
persona:jorge cuesta,Jorge Cuesta,persona,persona,2,1,Fémina,Jorge Cuesta
persona:jorge pou,Jorge Pou,persona,persona,1,1,Fémina,Jorge Pou
persona:jose maria caminero,Jose Maria Caminero,persona,persona,1,1,Fémina,Jose Maria Caminero
persona:jose zuniga,Jose Zuniga,persona,persona,1,1,Fémina,Jose Zuniga
persona:josefa aguayo de ventura,Josefa Aguayo de Ventura,persona,persona,2,1,Heraldo de la Mujer,Josefa Aguayo de Ventura
persona:joseph lockyer,Joseph Lockyer,persona,persona,1,1,Heraldo de la Mujer,Joseph Lockyer
persona:josephine leopoldine taufer,Josephine Leopoldine Taufer,persona,persona,2,1,Filipinas,Josephine Leopoldine Taufer
persona:jose antonio jimenez,José Antonio Jiménez,persona,persona,1,1,Fémina,José Antonio Jiménez
persona:jose burgos,José Burgos,persona,persona,1,1,Filipinas,José Burgos
persona:jose de diego,José de Diego,persona,persona,2,1,Heraldo de la Mujer,José de Diego
persona:jose de j nunez y dominguez,José de J. Núñez y Domínguez,persona,persona,1,1,Fémina,José de J. Núñez y Domínguez
persona:jose de jesus frometa,José de Jesús Frómeta,persona,persona,1,1,Fémina,José de Jesús Frómeta
persona:jose e fernandez,José E. Fernández,persona,persona,4,1,Fémina,José E. Fernández
persona:jose ernesto garcia aybar,José Ernesto García Aybar,persona,persona,1,1,Fémina,José Ernesto García Aybar
persona:jose luis perozo,José Luis Perozo,persona,persona,1,1,Fémina,José Luis Perozo
persona:jose martinez conde,José Martínez Conde,persona,persona,8,1,Fémina,José Martínez Conde
persona:jose maria de heredia,José María de Heredia,persona,persona,2,2,Fémina; Filipinas,José Maria de Heredia; José María de Heredia
persona:jose ramon lopez,José Ramón López,persona,persona,3,1,Fémina,José Ramón López
persona:jose torres diaz,José Torres Díaz,persona,persona,1,1,Fémina,José Torres Díaz
persona:juan amechazurra,Juan Amechazurra,persona,persona,2,1,Fémina,Juan Amechazurra
persona:juan bautista vicini burgos,Juan Bautista Vicini Burgos,persona,persona,2,1,Fémina,Juan Bautista Vicini Burgos
persona:juan caspe,Juan Caspe,persona,persona,1,1,Filipinas,Juan Caspe
persona:juan espinal y pena,Juan Espinal y Peña,persona,persona,1,1,Fémina,Juan Espinal y Peña
persona:juan luna,Juan Luna,persona,persona,1,1,Filipinas,Juan Luna
persona:juan salvador duran,Juan Salvador Durán,persona,persona,1,1,Fémina,Juan Salvador Durán
persona:juana de ibarbourou,Juana de Ibarbourou,persona,persona,4,1,Fémina,Juana de Ibarbourou
persona:juana i vda escotto,Juana I. Vda. Escotto,persona,persona,1,1,Fémina,Juana I. Vda. Escotto
persona:judith,Judith,persona,persona,3,1,Filipinas,Judith
persona:julia reyes ruiz,Julia Reyes Ruiz,persona,persona,1,1,Heraldo de la Mujer,Julia Reyes Ruiz
persona:julie siegfried,Julie Siegfried,persona,persona,1,1,Heraldo de la Mujer,Julie Siegfried
persona:juliet barrett rublee,Juliet Barrett Rublee,persona,persona,1,1,Heraldo de la Mujer,Juliet Barrett Rublee
persona:julio dewindt,Julio Dewindt,persona,persona,1,1,Fémina,Julio Dewindt
persona:justina iliwanag,Justina Iliwanag,persona,persona,1,1,Filipinas,Justina Iliwanag
persona:justo lukban,Justo Lukban,persona,persona,1,1,Filipinas,Justo Lukban
persona:komako kimura,Komako Kimura,persona,persona,1,1,Heraldo de la Mujer,Komako Kimura
persona:krupp,Krupp,persona,persona,1,1,Filipinas,Krupp
persona:l l billan,L. L. Billan,persona,persona,1,1,Filipinas,L. L. Billan
persona:lalita de hernandez,Lalita de Hernández,persona,persona,1,1,Fémina,Lalita de Hernández
persona:laurent tailhade,Laurent Tailhade,persona,persona,1,1,Filipinas,Laurent Tailhade
persona:legouve,Legouve,persona,persona,1,1,Filipinas,Legouve
persona:lele guerra,Lelé Guerra,persona,persona,1,1,Fémina,Lelé Guerra
persona:leon von hegelson,Leon Von Hegelson,persona,persona,1,1,Fémina,Leon Von Hegelson
persona:lessing,Lessing,persona,persona,1,1,Filipinas,Lessing
persona:ligaya,Ligaya,persona,persona,1,1,Filipinas,Ligaya
persona:liliana alburquerque,Liliana Alburquerque,persona,persona,1,1,Fémina,Liliana Alburquerque
persona:lloyd george,Lloyd George,persona,persona,2,1,Heraldo de la Mujer,Lloyd George
persona:lola rodriguez de tio,Lola Rodríguez de Tió,persona,persona,1,1,Heraldo de la Mujer,Lola Rodríguez de Tió
persona:lolita roque cepero,Lolita Roqué Cepero,persona,persona,1,1,Heraldo de la Mujer,Lolita Roqué Cepero
persona:lolin espinet,Lolín Espinet,persona,persona,1,1,Fémina,Lolín Espinet
persona:lope k santos,Lope K. Santos,persona,persona,2,1,Filipinas,Lope K. Santos
persona:lorenzo justiniano bobea,Lorenzo Justiniano Bobea,persona,persona,9,1,Fémina,Lorenzo Justiniano Bobea
persona:louise weiss,Louise Weiss,persona,persona,1,1,Heraldo de la Mujer,Louise Weiss
persona:lucila de florentino,Lucila de Florentino,persona,persona,1,1,Fémina,Lucila de Florentino
persona:luis,Luis,persona,persona,1,1,Filipinas,Luis
persona:luis a de mena,Luis A. de Mena,persona,persona,6,1,Fémina,Luis A. de Mena
persona:luis amiama,Luis Amiama,persona,persona,1,1,Fémina,Luis Amiama
persona:luis florentino,Luis Florentino,persona,persona,1,1,Fémina,Luis Florentino
persona:luisa,Luisa,persona,persona,2,1,Filipinas,Luisa
persona:luisa amelia de hostos,Luisa Amelia de Hostos,persona,persona,3,1,Heraldo de la Mujer,Luisa Amelia de Hostos
persona:luisa de la valiere,Luisa de La Valiére,persona,persona,1,1,Filipinas,Luisa de La Valiére
persona:luisa o pellerano de henriquez,Luisa O. Pellerano de Henríquez,persona,persona,6,1,Fémina,Luisa O. Pellerano de Henríquez
persona:luisa puello,Luisa Puello,persona,persona,1,1,Fémina,Luisa Puello
persona:lydia lion roberts,Lydia Lion Roberts,persona,persona,1,1,Fémina,Lydia Lion Roberts
persona:m a peguero hijo,M. A. Peguero Hijo,persona,persona,5,1,Fémina,M. A. Peguero Hijo
persona:m alfaro reyes,M. Alfaro Reyes,persona,persona,5,1,Fémina,M. Alfaro Reyes
persona:m beernaert,M. Beernaert,persona,persona,1,1,Filipinas,M. Beernaert
persona:m comby,M. Comby,persona,persona,1,1,Filipinas,M. Comby
persona:m m gautier,M. M. Gautier,persona,persona,1,1,Fémina,M. M. Gautier
persona:macario adriatico,Macario Adriático,persona,persona,1,1,Filipinas,Macario Adriático
persona:mad stal,Mad. Stal,persona,persona,1,1,Filipinas,Mad. Stal
persona:mantegazza,Mantegazza,persona,persona,1,1,Filipinas,Mantegazza
persona:manuel,Manuel,persona,persona,2,1,Filipinas,Manuel
persona:manuel a patin maceo,Manuel A. Patín Maceo,persona,persona,7,1,Fémina,Manuel A. Patín Maceo
persona:manuel del valle atiles,Manuel del Valle Atiles,persona,persona,1,1,Heraldo de la Mujer,Manuel del Valle Atiles
persona:manuel e mallen isambert,Manuel E. Mallén Isambert,persona,persona,2,1,Fémina,Manuel E. Mallén Isambert
persona:manuel e suncar,Manuel E. Suncar,persona,persona,2,1,Fémina,Manuel E. Suncar
persona:manuel f leonor,Manuel F. Leonor,persona,persona,1,1,Fémina,Manuel F. Leonor
persona:marcelino aguna,Marcelino Aguna,persona,persona,1,1,Filipinas,Marcelino Aguna
persona:marcelino sola,Marcelino Solá,persona,persona,1,1,Heraldo de la Mujer,Marcelino Solá
persona:marcelo h del pilar,Marcelo H. del Pilar,persona,persona,1,1,Filipinas,Marcelo H. del Pilar
persona:marconi,Marconi,persona,persona,1,1,Filipinas,Marconi
persona:margaret t maguire,Margaret T. Maguire,persona,persona,2,1,Filipinas,Margaret T. Maguire
persona:margarita,Margarita,persona,persona,1,1,Filipinas,Margarita
persona:margarita perez de celis,Margarita Pérez de Celis,persona,persona,2,1,Heraldo de la Mujer,Margarita Pérez de Celis
persona:maria,Maria,persona,persona,2,1,Filipinas,Maria
persona:maria barrera,Maria Barrera,persona,persona,1,1,Heraldo de la Mujer,Maria Barrera
persona:maria cristina godoy,Maria Cristina Godoy,persona,persona,1,1,Fémina,Maria Cristina Godoy
persona:maria cruz,Maria Cruz,persona,persona,1,1,Filipinas,Maria Cruz
persona:maria de maeztu,Maria de Maeztu,persona,persona,1,1,Heraldo de la Mujer,Maria de Maeztu
persona:maria del pilar,Maria del Pilar,persona,persona,1,1,Filipinas,Maria del Pilar
persona:maria vilarini,Maria Vilarini,persona,persona,1,1,Heraldo de la Mujer,Maria Vilarini
persona:mariano garcia,Mariano García,persona,persona,1,1,Filipinas,Mariano García
persona:mariano gomez,Mariano Gómez,persona,persona,1,1,Filipinas,Mariano Gómez
persona:mariblanca sabas aloma,Mariblanca Sabas Alomá,persona,persona,6,1,Fémina,Mariblanca Sabas Alomá
persona:marie bonnevial,Marie Bonnevial,persona,persona,3,1,Heraldo de la Mujer,Marie Bonnevial
persona:mario caminero sanchez,Mario Caminero Sánchez,persona,persona,7,1,Fémina,Mario Caminero Sánchez
persona:marquesa de graham,Marquesa de Graham,persona,persona,1,1,Filipinas,Marquesa de Graham
persona:martin ocampo,Martin Ocampo,persona,persona,2,1,Filipinas,Martin Ocampo
persona:mary j johnston,Mary J. Johnston,persona,persona,3,1,Filipinas,Mary J. Johnston
persona:maria angelina de hostos,María Angelina de Hostos,persona,persona,1,1,Heraldo de la Mujer,María Angelina de Hostos
persona:maria ballis,María Ballis,persona,persona,1,1,Fémina,María Ballis
persona:maria di sorrento,María di Sorrento,persona,persona,2,1,Fémina,María di Sorrento
persona:maria l de angelis de canino,María L. de Angelis de Canino,persona,persona,38,1,Fémina,María L. de Angelis de Canino
persona:maria l vidaurre,María L. Vidaurre,persona,persona,1,1,Fémina,María L. Vidaurre
persona:maria luisa oliver,María Luisa Oliver,persona,persona,2,1,Fémina,María Luisa Oliver
persona:maria pedemonte,María Pedemonte,persona,persona,1,1,Fémina,María Pedemonte
persona:matilde montoya,Matilde Montoya,persona,persona,2,1,Filipinas,Matilde Montoya
persona:matildita benzo,Matildita Benzo,persona,persona,1,1,Fémina,Matildita Benzo
persona:maura,Maura,persona,persona,1,1,Filipinas,Maura
persona:maximiliano,Maximiliano,persona,persona,1,1,Filipinas,Maximiliano
persona:melani winter,Melaní Winter,persona,persona,1,1,Fémina,Melaní Winter
persona:mercedes a heureaux,Mercedes A. Heureaux,persona,persona,1,1,Fémina,Mercedes A. Heureaux
persona:mercedes diaz,Mercedes Díaz,persona,persona,2,1,Fémina,Mercedes Díaz
persona:mercedes m perez,Mercedes M. Pérez,persona,persona,1,1,Fémina,Mercedes M. Pérez
persona:mercedes mota,Mercedes Mota,persona,persona,1,1,Fémina,Mercedes Mota
persona:mercedes quintero,Mercedes Quintero,persona,persona,1,1,Fémina,Mercedes Quintero
persona:miguel a vuylsteke,Miguel A Vuylsteke,persona,persona,1,1,Fémina,Miguel A Vuylsteke
persona:miguel a guerrero r,Miguel A. Guerrero R.,persona,persona,10,1,Fémina,Miguel A. Guerrero R.
persona:miguel guerra,Miguel Guerra,persona,persona,1,1,Heraldo de la Mujer,Miguel Guerra
persona:miguel rodriguez o,Miguel Rodríguez O.,persona,persona,1,1,Fémina,Miguel Rodríguez O.
persona:miguel angel fiallo,Miguel Ángel Fiallo,persona,persona,1,1,Fémina,Miguel Ángel Fiallo
persona:miles poindexter,Miles Poindexter,persona,persona,3,1,Heraldo de la Mujer,Miles Poindexter
persona:mimosa pedica,Mimosa Pedica,persona,persona,1,1,Filipinas,Mimosa Pedica
persona:mirta pichardo,Mirta Pichardo,persona,persona,1,1,Fémina,Mirta Pichardo
persona:mme curie,Mme. Curie,persona,persona,2,1,Filipinas,Mme. Curie
persona:mme jules lebandy,Mme. Jules Lebandy,persona,persona,1,1,Filipinas,Mme. Jules Lebandy
persona:mme pronsard,Mme. Pronsard,persona,persona,1,1,Heraldo de la Mujer,Mme. Pronsard
persona:mme ravier,Mme. Ravier,persona,persona,1,1,Heraldo de la Mujer,Mme. Ravier
persona:modesto cedano,Modesto Cedano,persona,persona,1,1,Fémina,Modesto Cedano
persona:modesto de castro,Modesto de Castro,persona,persona,1,1,Filipinas,Modesto de Castro
persona:moises de soto,Moisés de Soto,persona,persona,1,1,Fémina,Moisés de Soto
persona:monsenor jones,Monseñor Jones,persona,persona,1,1,Heraldo de la Mujer,Monseñor Jones
persona:morgan,Morgan,persona,persona,1,1,Filipinas,Morgan
persona:moscoso puello,Moscoso Puello,persona,persona,1,1,Fémina,Moscoso Puello
persona:mozart,Mozart,persona,persona,1,1,Filipinas,Mozart
persona:mr john,Mr. John,persona,persona,4,1,Filipinas,Mr. John
persona:mrs russell sage,Mrs. Russell Sage,persona,persona,1,1,Filipinas,Mrs. Russell Sage
persona:mrs william howard taft,Mrs. William Howard Taft,persona,persona,6,1,Filipinas,Mrs. William Howard Taft
persona:mutsu-hito,Mutsu-Hito,persona,persona,1,1,Filipinas,Mutsu-Hito
persona:munoz rivera,Muñoz Rivera,persona,persona,2,1,Heraldo de la Mujer,Muñoz Rivera
persona:melida mercado,Mélida Mercado,persona,persona,1,1,Fémina,Mélida Mercado
persona:napoleon iii,Napoleón III,persona,persona,1,1,Filipinas,Napoleón III
persona:narcisa sofe,Narcisa Sofé,persona,persona,1,1,Fémina,Narcisa Sofé
persona:natalia garcia,Natalia García,persona,persona,6,1,Fémina,Natalia García
persona:nicole oresme,Nicole Oresme,persona,persona,2,1,Heraldo de la Mujer,Nicole Oresme
persona:nicolas copernico,Nicolás Copérnico,persona,persona,2,1,Heraldo de la Mujer,Nicolás Copérnico
persona:nidia batlle,Nidia Batlle,persona,persona,1,1,Fémina,Nidia Batlle
persona:ogden goelet,Ogden Goelet,persona,persona,1,1,Filipinas,Ogden Goelet
persona:orfelina m de sarda,Orfelina M. de Sardá,persona,persona,1,1,Fémina,Orfelina M. de Sardá
persona:ostwald,Ostwald,persona,persona,1,1,Filipinas,Ostwald
persona:pacifico victoriano,Pacífico Victoriano,persona,persona,1,1,Filipinas,Pacífico Victoriano
persona:pascual h poblete,Pascual H. Poblete,persona,persona,1,1,Filipinas,Pascual H. Poblete
persona:patrich shao,Patrich Shao,persona,persona,1,1,Filipinas,Patrich Shao
persona:patricio,Patricio,persona,persona,1,1,Filipinas,Patricio
persona:paul margueritte,Paul Margueritte,persona,persona,1,1,Heraldo de la Mujer,Paul Margueritte
persona:paulina luisi,Paulina Luisi,persona,persona,1,1,Heraldo de la Mujer,Paulina Luisi
persona:pedro giusti,Pedro Giusti,persona,persona,1,1,Heraldo de la Mujer,Pedro Giusti
persona:pedro pilapil,Pedro Pilapil,persona,persona,1,1,Filipinas,Pedro Pilapil
persona:pepe,Pepe,persona,persona,2,1,Filipinas,Pepe
persona:pepita,Pepita,persona,persona,5,1,Filipinas,Pepita
persona:peter m myers,Peter M. Myers,persona,persona,2,1,Filipinas,Peter M. Myers
persona:petra quijano,Petra Quijano,persona,persona,1,1,Heraldo de la Mujer,Petra Quijano
persona:petronila angelica gomez,Petronila Angélica Gómez,persona,persona,95,1,Fémina,Petronila Angélica Gómez
persona:pierre loti,Pierre Loti,persona,persona,1,1,Filipinas,Pierre Loti
persona:pilar j lazaro,Pilar J. Lázaro,persona,persona,1,1,Filipinas,Pilar J. Lázaro
persona:pilar jorge de tella,Pilar Jorge de Tella,persona,persona,1,1,Fémina,Pilar Jorge de Tella
persona:pomposa,Pomposa,persona,persona,1,1,Filipinas,Pomposa
persona:prentice mulford,Prentice Mulford,persona,persona,1,1,Heraldo de la Mujer,Prentice Mulford
persona:princesa beatriz,Princesa Beatriz,persona,persona,1,1,Filipinas,Princesa Beatriz
persona:principe alberto,Príncipe Alberto,persona,persona,1,1,Filipinas,Príncipe Alberto
persona:principe enrique battenberg,Príncipe Enrique Battenberg,persona,persona,1,1,Filipinas,Príncipe Enrique Battenberg
persona:puccini,Puccini,persona,persona,1,1,Filipinas,Puccini
persona:pura villanueva,Pura Villanueva,persona,persona,1,1,Filipinas,Pura Villanueva
persona:quintin negron sanjurjo,Quintín Negrón Sanjurjo,persona,persona,1,1,Heraldo de la Mujer,Quintín Negrón Sanjurjo
persona:quiroga,Quiroga,persona,persona,2,1,Filipinas,Quiroga
persona:rafael alburquerque,Rafael Alburquerque,persona,persona,3,1,Fémina,Rafael Alburquerque
persona:rafael del valle,Rafael del Valle,persona,persona,1,1,Heraldo de la Mujer,Rafael del Valle
persona:rafael elpidio pera,Rafael Elpidio Pera,persona,persona,1,1,Fémina,Rafael Elpidio Pera
persona:rafael palma,Rafael Palma,persona,persona,2,1,Filipinas,Rafael Palma
persona:rafael reyes,Rafael Reyes,persona,persona,1,1,Fémina,Rafael Reyes
persona:rafaela h gomez,Rafaela H. Gómez,persona,persona,1,1,Fémina,Rafaela H. Gómez
persona:ramon diokno,Ramón Diokno,persona,persona,1,1,Filipinas,Ramón Diokno
persona:raul carbuccia,Raúl Carbuccia,persona,persona,1,1,Fémina,Raúl Carbuccia
persona:rebecca parish,Rebecca Parish,persona,persona,2,1,Filipinas,Rebecca Parish
persona:reginaldo s sculpi,Reginaldo S. Sculpi,persona,persona,1,1,Fémina,Reginaldo S. Sculpi
persona:reina hatsepsut,Reina Hatsepsut,persona,persona,1,1,Heraldo de la Mujer,Reina Hatsepsut
persona:reina thyi,Reina Thyi,persona,persona,1,1,Heraldo de la Mujer,Reina Thyi
persona:rockefeller,Rockefeller,persona,persona,1,1,Filipinas,Rockefeller
persona:rodolfo gautier,Rodolfo Gautier,persona,persona,1,1,Heraldo de la Mujer,Rodolfo Gautier
persona:rosa colombina mansfield,Rosa Colombina Mansfield,persona,persona,1,1,Fémina,Rosa Colombina Mansfield
persona:rosa maria espinet,Rosa María Espinet,persona,persona,1,1,Fémina,Rosa María Espinet
persona:rosa rotherberg,Rosa Rotherberg,persona,persona,1,1,Heraldo de la Mujer,Rosa Rotherberg
persona:rosalia cobarrubias,Rosalia Cobarrubias,persona,persona,1,1,Filipinas,Rosalia Cobarrubias
persona:rosalia de castro,Rosalia de Castro,persona,persona,1,1,Heraldo de la Mujer,Rosalia de Castro
persona:rosario lam de escobar,Rosario Lam de Escobar,persona,persona,5,1,Filipinas,Rosario Lam de Escobar
persona:rosario sansores,Rosario Sansores,persona,persona,1,1,Fémina,Rosario Sansores
persona:rose duddley,Rose Duddley,persona,persona,1,1,Filipinas,Rose Duddley
persona:ruben dario,Rubén Darío,persona,persona,4,1,Fémina,Rubén Darío
persona:s b johnston,S. B. Johnston,persona,persona,1,1,Filipinas,S. B. Johnston
persona:saint prosper,Saint Prosper,persona,persona,1,1,Filipinas,Saint Prosper
persona:salvador brau,Salvador Brau,persona,persona,1,1,Heraldo de la Mujer,Salvador Brau
persona:salvador gonzales,Salvador Gonzáles,persona,persona,1,1,Fémina,Salvador Gonzáles
persona:samuel smiles,Samuel Smiles,persona,persona,2,1,Heraldo de la Mujer,Samuel Smiles
persona:santiago alba,Santiago Alba,persona,persona,1,1,Heraldo de la Mujer,Santiago Alba
persona:santo tomas de aquino,Santo Tomás de Aquino,persona,persona,2,1,Heraldo de la Mujer,Santo Tomás de Aquino
persona:santos sanchidrian,Santos Sanchidrián,persona,persona,1,1,Heraldo de la Mujer,Santos Sanchidrián
persona:saturnina rizal,Saturnina Rizal,persona,persona,4,1,Filipinas,Saturnina Rizal
persona:schiller,Schiller,persona,persona,2,1,Filipinas,Schiller
persona:schmidt,Schmidt,persona,persona,1,1,Filipinas,Schmidt
persona:sebastian leite de vasconcellos,Sebastián Leite de Vasconcellos,persona,persona,5,1,Fémina,Sebastián Leite de Vasconcellos
persona:selma lagerloff,Selma Lagerloff,persona,persona,1,1,Filipinas,Selma Lagerloff
persona:semiramis,Semíramis,persona,persona,2,1,Filipinas,Semíramis
persona:sergio cuevas zequeira,Sergio Cuevas Zequeira,persona,persona,1,1,Heraldo de la Mujer,Sergio Cuevas Zequeira
persona:sergio osmena,Sergio Osmeña,persona,persona,1,1,Filipinas,Sergio Osmeña
persona:silvano,Silvano,persona,persona,6,1,Filipinas,Silvano
persona:simplicio solis,Simplicio Solís,persona,persona,1,1,Filipinas,Simplicio Solís
persona:sisila de astol,Sisila de Astol,persona,persona,1,1,Heraldo de la Mujer,Sisila de Astol
persona:smiles,Smiles,persona,persona,1,1,Filipinas,Smiles
persona:souza sales,Souza Sales,persona,persona,1,1,Heraldo de la Mujer,Souza Sales
persona:sr o'neil,Sr. O'Neil,persona,persona,1,1,Heraldo de la Mujer,Sr. O'Neil
persona:sr vicenty,Sr. Vicenty,persona,persona,1,1,Heraldo de la Mujer,Sr. Vicenty
persona:sra arias de delgado,Sra. Arias de Delgado,persona,persona,1,1,Heraldo de la Mujer,Sra. Arias de Delgado
persona:sra creel,Sra. Creel,persona,persona,1,1,Filipinas,Sra. Creel
persona:sra peter m myers,Sra. Peter M. Myers,persona,persona,1,1,Filipinas,Sra. Peter M. Myers
persona:sra storrer de lago,Sra. Storrer de Lago,persona,persona,1,1,Heraldo de la Mujer,Sra. Storrer de Lago
persona:sully prudhomme,Sully Prudhomme,persona,persona,1,1,Filipinas,Sully Prudhomme
persona:sumulong,Sumulong,persona,persona,1,1,Filipinas,Sumulong
persona:taboli,Taboli,persona,persona,1,1,Filipinas,Taboli
persona:tansiang,Tansiang,persona,persona,3,1,Filipinas,Tansiang
persona:teodoro aguilar,Teodoro Aguilar,persona,persona,2,1,Heraldo de la Mujer,Teodoro Aguilar
persona:teodoro kocher,Teodoro Kocher,persona,persona,1,1,Filipinas,Teodoro Kocher
persona:teodoro m kalaw,Teodoro M. Kalaw,persona,persona,2,1,Filipinas,Teodoro M. Kalaw
persona:teresa de moreaux,Teresa de Moreaux,persona,persona,1,1,Fémina,Teresa de Moreaux
persona:teresa pena de espinal,Teresa Peña de Espinal,persona,persona,1,1,Fémina,Teresa Peña de Espinal
persona:tete brea,Teté Brea,persona,persona,1,1,Fémina,Teté Brea
persona:tete mallen,Teté Mallén,persona,persona,2,1,Fémina,Teté Mallén
persona:thomas,Thomas,persona,persona,1,1,Filipinas,Thomas
persona:tinding,Tinding,persona,persona,4,1,Filipinas,Tinding
persona:tomas g senio,Tomás G. Senio,persona,persona,1,1,Fémina,Tomás G. Senio
persona:tomas gomez brea,Tomás Gómez Brea,persona,persona,2,1,Fémina,Tomás Gómez Brea
persona:tous soto,Tous Soto,persona,persona,4,1,Heraldo de la Mujer,Tous Soto
persona:trina moya de vazquez,Trina Moya de Vázquez,persona,persona,1,1,Fémina,Trina Moya de Vázquez
persona:u s fawcett,U. S. Fawcett,persona,persona,1,1,Heraldo de la Mujer,U. S. Fawcett
persona:v valera reyes,V. Valera Reyes,persona,persona,5,1,Fémina,V. Valera Reyes
persona:venancio de ecija,Venancio de Écija,persona,persona,3,1,Fémina,Venancio de Écija
persona:venecia de soto,Venecia de Soto,persona,persona,1,1,Fémina,Venecia de Soto
persona:verdi,Verdi,persona,persona,1,1,Filipinas,Verdi
persona:vicente e genato,Vicente E. Genato,persona,persona,5,1,Filipinas,Vicente E. Genato
persona:vicente medina,Vicente Medina,persona,persona,2,1,Fémina,Vicente Medina
persona:vicente pales,Vicente Palés,persona,persona,1,1,Heraldo de la Mujer,Vicente Palés
persona:victor hugo,Victor Hugo,persona,persona,1,1,Filipinas,Victor Hugo
persona:victor m geraldino,Victor M. Geraldino,persona,persona,1,1,Fémina,Victor M. Geraldino
persona:victoria eugenia ena de battenberg,Victoria Eugenia Ena de Battenberg,persona,persona,1,1,Filipinas,Victoria Eugenia Ena de Battenberg
persona:victoria i,Victoria I,persona,persona,3,1,Filipinas,Victoria I
persona:vincenzo bellini,Vincenzo Bellini,persona,persona,1,1,Heraldo de la Mujer,Vincenzo Bellini
persona:vitalia marchena,Vitalia Marchena,persona,persona,1,1,Fémina,Vitalia Marchena
persona:voltaire,Voltaire,persona,persona,1,1,Heraldo de la Mujer,Voltaire
persona:von bohlen,Von Bohlen,persona,persona,1,1,Filipinas,Von Bohlen
persona:w a kinkaid,W. A. Kinkaid,persona,persona,1,1,Filipinas,W. A. Kinkaid
persona:warren harding,Warren Harding,persona,persona,1,1,Heraldo de la Mujer,Warren Harding
persona:wenceslao bonus,Wenceslao Bonus,persona,persona,1,1,Filipinas,Wenceslao Bonus
persona:wenceslawa daman,Wenceslawa Daman,persona,persona,1,1,Filipinas,Wenceslawa Daman
persona:william howard taft,William Howard Taft,persona,persona,2,1,Filipinas,William Howard Taft
persona:william penn,William Penn,persona,persona,1,1,Heraldo de la Mujer,William Penn
persona:william ramsay,William Ramsay,persona,persona,1,1,Heraldo de la Mujer,William Ramsay
persona:william taft,William Taft,persona,persona,1,1,Heraldo de la Mujer,William Taft
persona:wolfgang amadeus mozart,Wolfgang Amadeus Mozart,persona,persona,1,1,Heraldo de la Mujer,Wolfgang Amadeus Mozart
persona:woodrow wilson,Woodrow Wilson,persona,persona,7,1,Heraldo de la Mujer,Woodrow Wilson
persona:y c mccandless,Y. C. McCandless,persona,persona,1,1,Heraldo de la Mujer,Y. C. McCandless
persona:zeigler,Zeigler,persona,persona,1,1,Filipinas,Zeigler
