embedding	type	entity	entity_normalized	entity_normalized_clean	wikidata_qid
88,89	PER	CONSTANCIA POBLETE	Constancia Poblete	Constancia Poblete	
102,103	PER	FRANCISCA GESMUNDO	Francisca Gesmundo	Francisca Gesmundo	
113	LOC	Manila	Manila	Manila	
131	LOC	Manila	Manila	Manila	
559,560	PER	Fabián Vidal	Fabián Vidal	Fabián Vidal	Q62994777
723	LOC	México	México	México	
727,728	PER	Mallde Montoya	Mallde Montoya	Matilde Montoya	Q4794047
733	MISC	Medicina	Medicina	Medicina	
743	LOC	Chile	Chile	Chile	
750	MISC	Jurisprudencia	Jurisprudencia	Jurisprudencia	
794,795	ORG	Cámarade Comercio	Cámarade Comercio	Cámarade Comercio	
799	LOC	Ecuador	Ecuador	Ecuador	
801	LOC	Columbia	Columbia	Columbia	
815	LOC	Venezunela	Venezuela	Venezuela	
820	PER	Baralt	Baralt	Luis Alejandro Baralt Zacharie	Q107504347
835	LOC	Perú	Perú	Perú	
852	LOC	Uruguny	Uruguny	Uruguny	
854	LOC	Bolivía	Bolivía	Bolivía	
1001	MISC	FILIPINAS	Filipinas	Filipinas	
1022	LOC	Guanajuato	Guanajuato	Guanajuato	
1029	PER	Ingares	Ingares	Ingares	
1042	LOC	Tulaen	Tulaen	Tulaen	
1097,1098,1099,1100	LOC	San Juan del Rio	San Juan del Rio	San Juan del Rio	
1131	LOC	Querétaro	Querétaro	Querétaro	
1148	PER	Maximiliano	Maximiliano	Maximiliano I de México	
1174	LOC	Salao	Salao	Salao	
1198	LOC	Guanainato	Guanajuato	Guanajuato	
1419	PER	Tinding	Tinding	Tinding	
1463	PER	Tinding	Tinding	Tinding	
1467	PER	Pepe	Pepe	Pepe	
1505	LOC	Pako	Pako	Pako	
1521	PER	Tinding	Tinding	Tinding	
1527	PER	Pepe	Pepe	Pepe	
1550	LOC	Hongkong	Hongkong	Hongkong	
1555	LOC	Manila	Manila	Manila	
1561	PER	Tinding	Tinding	Tinding	
1568,1569	PER	FELISBERTA SOLIONGKO.	Felisberta Soliongko	Felisberta Soliongko	
1641	LOC	Marfil	Marfil	Marfil	
1656	LOC	Guanajuato	Guanajuato	Guanajuato	
1662	LOC	Marfil	Marfil	Marfil	
1673	LOC	FILIPINAS	Filipinas	Filipinas	
1687,1688,1689	MISC	PUERTA DEL SOL	Puerta del Sol	Puerta del Sol	
2346	LOC	México	México	México	
2351	LOC	Guanajuato	Guanajuato	Guanajuato	
2546	ORG	Pátria	Patria	Patria	
2563	MISC	FILIPINAS	Filipinas	Filipinas	
2580,2581,2582	LOC	S . Paulo	S . Paulo	S. Paulo	
2584	LOC	Brasil	Brasil	Brasil	
2745	MISC	MUJER	MUJER	Mujer	
3035,3036	LOC	costa Shetland	Shetland	Shetland	
3192	LOC	Shetland	Shetland	Shetland	
3246,3247	PER	Amalia Francisco	Amalia Francisco	Amalia Francisco	
3249,3250	PER	Genoveva Camaclan	Genoveva Camaclan	Genoveva Camaclan	
3257	LOC	Tavabas	Tayabas	Tayabas	
3398	LOC	FILIPINAS	Filipinas	Filipinas	
3486,3487	PER	CONSTANCIA POBLETE	Constancia Poblete	Constancia Poblete	
3497	LOC	FILIPINAS	Filipinas	Filipinas	
3502,3503	PER	FRANCISCA GESMUNDO	Francisca Gesmundo	Francisca Gesmundo	
3513	LOC	Manila	Manila	Manila	
3540	LOC	Manila	Manila	Manila	
3796	LOC	Europa	Europa	Europa	
3808	PER	Rotschild	Rotschild	E. Rotschild	Q33691387
3933	PER	Dios	Dios	Dios	Q190
4265,4266,4267,4268	MISC	LA PUERTA DEL SOL	Puerta del Sol	Puerta del Sol	
4303	PER	Rotschild	Rotschild	E. Rotschild	Q33691387
4858	PER	Dios	Dios	Dios	Q190
4987	PER	Dios	Dios	Dios	Q190
5153	LOC	TANSIANG	Tansiang	Tansiang	
5156	LOC	FILIPINAS	Filipinas	Filipinas	
5715,5716	PER	Charles Gilman	Charles Gilman	Charles J. Gilman	Q1064991
5885,5886	PER	Charles Gilman	Charles Gilman	Charles J. Gilman	Q1064991
5955	PER	Witmer	Witmer	Lightner Witmer	Q1399152
5994	PER	Cronin	Cronin	Cronin	
5997,5998	LOC	Nueva York	Nueva York	Nueva York	
6026	LOC	Chiengo	Chiengo	Chiengo	
6039	MISC	Estados	Estados Unidos	Estados Unidos	
6093	PER	ELENA	ELENA	Elena	
6099	MISC	FILIPINAS	Filipinas	Filipinas	
6286,6287	PER	Francisca Gesmundo	Francisca Gesmundo	Francisca Gesmundo	
6304,6305,6306,6307	PER	Rosario Lam de Escobar	Rosario Lam de Escobar	Rosario Lam	
6385,6386,6387,6388	LOC	calle de la Escolta	calle de la Escolta	calle de la Escolta	
6395	LOC	Manila	Manila	Manila	
6437,6438,6439	MISC	Pascuas de Navidad	Pascuas de Navidad	Pascuas de Navidad	
6482	PER	Gilman	Gilman	Charlotte Perkins Gilman	Q287752
6519	LOC	Filadelfia	Filadelfia	Filadelfia	
6548,6549,6550	ORG	Junta de Sanidad	Junta de Sanidad	Junta de Sanidad	
6793,6794,6795	PER	J. Lewis Crozer	J. Lewis Crozer	J. Lewis Crozer	
6807	PER	Maguire	Maguire	Maguire	
6815	PER	Witmer	Witmer	Lightner Witmer	Q1399152
6912	ORG	Pátria	Patria	Patria	
6972	LOC	FILIPINAS	Filipinas	Filipinas	
7060,7061	PER	CONSTANCIA POBLETE	Constancia Poblete	Constancia Poblete	
7072	MISC	FILIPINAS	Filipinas	Filipinas	
7077,7078	PER	ROSARIO LAM	ROSARIO LAM	Rosario Lam	
7087	LOC	Manila	Manila	Manila	
7123	LOC	Manila	Manila	Manila	
7153	MISC	Biblia	Biblia	Biblia	
7167	PER	Dios	Dios	Dios	Q190
7206	PER	Dios	Dios	Dios	Q190
7237	PER	Dios	Dios	Dios	Q190
7295	MISC	Creador	Creador	Creador	
7304	PER	Adan	Adan	Adán	Q70899
7524,7525	PER	Daniel Lesneur	Daniel Lesneur	Daniel Lesneur	
7559,7560	LOC	Extremo Oriente	Oriente	Oriente	
7627	LOC	India	India	India	
7717	LOC	Turquía	Turquía	Turquía	
7720	LOC	Asia	Asia	Asia	
7724	LOC	Egipto	Egipto	Egipto	
7734	LOC	Jordan	Jordan	Jordan	
7737	LOC	Nilo	Nilo	Nilo	
7760	PER	Faraón	Faraón	Faraón	
7765	LOC	Europa	Europa	Europa	
7859	MISC	FILIPINAS	Filipinas	Filipinas	
7877,7878,7879,7880	MISC	LA PUERIA DEL SOL	Puerta del Sol	Puerta del Sol	
7918	MISC	Criador	Criador	Criador	
8107	MISC	Hacedor	Hacedor	Hacedor	
8188	PER	Eva	Eva	Eva	Q830183
8192	PER	Adan	Adan	Adán	Q70899
8263,8264,8265,8266	LOC	Plaza de Santa Cruz	Plaza de Santa Cruz	Plaza de Santa Cruz	
8297	ORG	Pátria	Patria	Patria	
8375	LOC	Berna	Berna	Berna	
8382	LOC	Bretaña	Bretaña	Bretaña	
8385	LOC	Calabria	Calabria	Calabria	
8388	LOC	Andalucía	Andalucía	Andalucía	
8391	LOC	Corfú	Corfú	Corfú	
8459	LOC	Europa	Europa	Europa	
8641	ORG	Duramelegare	Duramelegare	Duramelegare	
8808	LOC	Buera	Buera	Buera	
8823	PER	Alodia	Alodia	Alodia	Q14056266
8831	LOC	Pabla-Torre	Pabla-Torre	Pabla-Torre	
8876	PER	Judith	Judith	Judit	Q26454627
8879	PER	Holofernes	Holofernes	Holofernes	Q55059823
8903	PER	Alodia	Alodia	Alodia	Q14056266
9205	LOC	Buera	Buera	Buera	
9260	MISC	Hada	Hada	Hada	
9437	MISC	Hada	Hada	Hada	
9511	MISC	FILIPINAS	Filipinas	Filipinas	
9755	PER	POMPOSA	POMPOSA	Pomposa	
9759	MISC	heroina	heroina	heroina	
9761	MISC	Alquezar	Alquézar	Alquézar	
9845	PER	Alodia	Alodia	Alodia	Q14056266
10269	MISC	Hada	Hada	Hada	
10284	PER	Hada	Hada	Hada	
10337	PER	Hada	Hada	Hada	
10359,10360,10361	PER	L . BILLAN	L . BILLAN	L. Billan	
10364	LOC	Rosario	Rosario	Rosario	
10366	LOC	Binondo	Binondo	Binondo	
10392,10393	PER	LA ESPERANZA	La Esperanza	La Esperanza	
10396	LOC	FILIPINAS	Filipinas	Filipinas	
10482,10483	PER	CONSTANCIA POBLETE	Constancia Poblete	Constancia Poblete	
10494	MISC	FILIPINAS	Filipinas	Filipinas	
10500,10501	PER	FRANCISCA GESMUNDO	Francisca Gesmundo	Francisca Gesmundo	
10511	LOC	Manila	Manila	Manila	
10539	LOC	Manila	Manila	Manila	
10928	LOC	GUANAJUATO	Guanajuato	Guanajuato	
10944,10945,10946	PER	PETER M. MYERS.	Peter M. Myers	Peter M. Myers	
10959	LOC	Guanajuato	Guanajuato	Guanajuato	
11013	LOC	Guanajnato	Guanajuato	Guanajuato	
11268,11269,11270,11271	MISC	LA PUERTA DEL SOL	Puerta del Sol	Puerta del Sol	
11612,11613	PER	CARMEN FARIÑAS	CARMEN FARIÑAS	Carmen Fariñas	
11746	LOC	León	León	León	
11748	LOC	Querétaro	Querétaro	Querétaro	
11764	LOC	Guanajuato	Guanajuato	Guanajuato	
12745	PER	CANTU	CANTU	Cesare Cantù	Q138832
12770	PER	TABOLI	TABOLI	Taboli	
12815	PER	MANTEGAZZA	MANTEGAZZA	Giacomo Mantegazza	Q38084293
12839	PER	Dios	Dios	Dios	Q190
12871	PER	Dios	Dios	Dios	Q190
12881	PER	AGRIPA	AGRIPA	Marco Vipsanio Agripa	Q48174
12904	PER	CHESTERFIELD	CHESTERFIELD	Philip Stanhope, 4º Conde de Chesterfield	Q332487
12918	PER	SCHILLER	SCHILLER	Friedrich Schiller	Q22670
12937	PER	Dios	Dios	Dios	Q190
12961,12962,12963	PER	— VICTOR HUGO.	Víctor Hugo	Виктор Гюго	Q535
13198	LOC	FILIPINAS	Filipinas	Filipinas	
13213	LOC	Guanajuato	Guanajuato	Guanajuato	
13254	LOC	Guanajuato	Guanajuato	Guanajuato	
13562	ORG	Pátria	Patria	Patria	
13605,13606,13607	MISC	E. Z. SLEEP	E. Z. SLEEP	E. Z. Sleep	
13997,13998,13999	PER	MARIA DEL PILAR	MARIA DEL PILAR	Maria del Pilar	
14147,14148	PER	CONSTANCIA POBLETE	Constancia Poblete	Constancia Poblete	
14158	LOC	FILIPINAS	Filipinas	Filipinas	
14163,14164	PER	FRANCISCA GESMUNDO	Francisca Gesmundo	Francisca Gesmundo	
14173	LOC	Manila	Manila	Manila	
14198	LOC	Manila	Manila	Manila	
14592	LOC	España	España	España	
14618	LOC	Teruel	Teruel	Teruel	
14626,14627,14628	PER	Agustina de Aragón	Agustina de Aragón	Agustina de Aragón	Q718272
14631,14632,14633	PER	condesa de Bureta	condesa de Bureta	María Consolación de Azlor y Villavicencio	Q5782528
14651	PER	Judith	Judith	Judit	Q26454627
14673	LOC	Alquézar	Alquézar	Alquézar	
14825,14826	LOC	Alto Aragón	Alto Aragón	Alto Aragón	
14873	LOC	Huesca	Huesca	Huesca	
14880	LOC	Barbastro	Barbastro	Barbastro	
14941	MISC	FILIPINAS	Filipinas	Filipinas	
15283	MISC	Humanidad	Humanidad	Humanidad	
15458	LOC	Alquezar	Alquézar	Alquézar	
15467	LOC	Alquézar	Alquézar	Alquézar	
15518	PER	Almostaín	Almostaín	Almostaín	
15523	LOC	Zaragoza	Zaragoza	Zaragoza	
15592	LOC	Alquézar	Alquézar	Alquézar	
15784,15785	PER	CARMEN FARIÑAS	CARMEN FARIÑAS	Carmen Fariña	Q16241640
15815,15816	LOC	LA ESPERANZA	La Esperanza	La Esperanza	
15820	MISC	FILIPINAS	Filipinas	Filipinas	
15835	PER	ANGELA	Ángela	Ángela	
15844,15845	MISC	San Damián	San Damián	San Damián	
16090	PER	Bathala	Bathala	Bathala	Q810727
16097	LOC	Banajaw	Banajaw	Banajaw	
16108	PER	Puccini	Puccini	Giacomo Puccini	Q7311
16110	PER	Verdi	Verdi	Giuseppe Verdi	Q7317
16112	PER	Donizetti	Donizetti	Gaetano Donizetti	Q101698
16114	PER	Mozart	Mozart	Wolfgang Amadeus Mozart	Q254
16166	LOC	Mate	Mate	Mate	
16168	LOC	Tayabas	Tayabas	Tayabas	
16176,16177,16178	ORG	Club Escolar Tayabense	Club Escolar Tayabense	Club Escolar Tayabense	
16193	LOC	Orleans	Orleans	Orleans	
16212	PER	Lucoan	Lucoan	Lucano	Q188646
16639,16640,16641,16642	LOC	iglesia de San Agustin	iglesia de San Agustin	iglesia de San Agustin	
16711,16712,16713,16714,16715,16716,16717	ORG	Comité de Señoritas del Club Escolar Tayabense	Comité de Señoritas del Club Escolar Tayabense	Comité de Señoritas del Club Escolar Tayabense	
16826	LOC	Manila	Manila	Manila	
16834	LOC	FILIPINAS	Filipinas	Filipinas	
16877,16878	ORG	BINGHAM CO	BINGHAM CO	Bingham Co	
16886,16887,16888	LOC	STA . CRUZ	Plaza de Santa Cruz	Plaza de Santa Cruz	
16890	LOC	MAYNILA	Manila	Manila	
17335	MISC	Verdad	Verdad	Verdad	
17406	MISC	Bien	Bien	Bien	
17410	MISC	Equidad	Equidad	Equidad	
17434,17435,17436	PER	Edmudo de Amicis	Edmudo de Amicis	Edmudo de Amicis	
17467	PER	Francisquillo	Francisquillo	Francisquillo	
17696,17697,17698,17699	LOC	Plaza de Santa Cruz	Plaza de Santa Cruz	Plaza de Santa Cruz	
17761	LOC	FILIPINAS	Filipinas	Filipinas	
17847,17848	PER	CONSTANCIA POBLETE	Constancia Poblete	Constancia Poblete	
17859	LOC	FILIPINAS	Filipinas	Filipinas	
17865,17866	PER	FRANCISCA GESMUNDO	Francisca Gesmundo	Francisca Gesmundo	
17875	LOC	Manila	Manila	Manila	
17901	LOC	Manila	Manila	Manila	
18438	PER	Dios	Dios	Dios	Q190
18608	MISC	FILIPINAS	Filipinas	Filipinas	
18623,18624,18625,18626	MISC	LA PUERTA DE SOL	Puerta del Sol	Puerta del Sol	
19262	PER	Dios	Dios	Dios	Q190
19428	PER	Tansiang	Tansiang	Tansiang	
19519	PER	TANSIANG	Tansiang	Tansiang	
19544,19545	LOC	LA ESPERANZA	La Esperanza	La Esperanza	
19548	LOC	FILIPINAS	Filipinas	Filipinas	
19568	ORG	Libertas	Libertas	Libertas	
19580	LOC	Roma	Roma	Roma	
19582	LOC	Napoles	Napoles	Napoles	
19584	LOC	Milan	Milan	Milan	
19586	LOC	París	París	París	
19588,19589	LOC	Buenos Aires	Buenos Aires	Buenos Aires	
19593,19594,19595	PER	Francisco Ferrer Guardia	Francisco Ferrer Guardia	Francisco Ferrer Guardia	Q354202
19597	LOC	Barcelona	Barcelona	Barcelona	
19601,19602	LOC	Buenos Aires	Buenos Aires	Buenos Aires	
19621	LOC	París	París	París	
19626,19627,19628	PER	Alfonso XIII .	Alfonso XIII	Alfonso XIII de España	Q18363
19631	PER	Maura	Maura	Maura	
19636,19637	PER	Martin Ocampo	Martin Ocampo	Martin Ocampo	Q96676731
19687,19688,19689,19690	ORG	COMPANIA NACIONAL DE MUJERES	COMPANIA NACIONAL DE MUJERES	Compania Nacional de Mujeres	
19708	PER	Ocampo	Ocampo	Martin Ocampo	Q96676731
19716,19717	PER	J. Abraham	J. Abraham	J. Abraham	
19719,19720,19721,19722	PER	J. E. del Rosario	J. E. del Rosario	J. E. del Rosario	
19743,19744,19745	ORG	Gobierno de Malolos	Gobierno de Malolos	Gobierno de Malolos	
19790	LOC	Cuba	Cuba	Cuba	
19810,19811	LOC	Santa Cruz	Plaza de Santa Cruz	Plaza de Santa Cruz	
19813	LOC	Manila	Manila	Manila	
19822,19823,19824	MISC	Virgen Ntra .	Virgen Ntra .	Virgen Ntra.	
19826,19827,19828	MISC	Sra. del Pilar	Sra. del Pilar	del Pilar	
19873,19874	PER	Patrich Shao	Patrich Shao	Patrich Shao	
19877	ORG	Guías	Guías	Guías	
19887,19888	LOC	Dumas .	Dumas .	Dumas.	
19890	LOC	Cebú	Cebú	Cebú	
19894,19895	PER	Catalino Doranila	Catalino Doranila	Catalino Doranila	
19901,19902	PER	Emilio Gerona	Emilio Gerona	Emilio Gerona	
19917,19918	PER	Sergio Osmeña	Sergio Osmeña	Sergio Osmeña	Q319950
19923	LOC	Manila	Manila	Manila	
19926,19927,19928,19929	PER	E . B. Williams	E . B. Williams	E. B. Williams	
19937	LOC	Parang-parang	Parang-parang	Parang-parang	
19939	LOC	Mindanao	Mindanao	Mindanao	
20007,20008	PER	Basilio Martinez	Basilio Martinez	Basilio Martinez	
20011	PER	Williams	E . B. Williams	E. B. Williams	
20032	LOC	Sexmoan	Sexmoan	Sexmoan	
20034	LOC	Pampanga	Pampanga	Pampanga	
20045,20046	PER	Estanislawa Magat	Estanislawa Magat	Estanislawa Magat	
20111,20112,20113	PER	Felix de Jesus	Felix de Jesus	Felix de Jesus	
20122	LOC	Bilibid	Bilibid	Bilibid	
20133	LOC	Samar	Samar	Samar	
20146,20147	PER	Juan Caspe	Juan Caspe	Juan Caspe	
20151,20152	PER	Bernabé Santos	Bernabé Santos	Bernabé Santos	
20165	LOC	Parian	Parian	Parian	
20177	PER	Santos	Santos	Santos	
20234,20235	LOC	Nueva York	Nueva York	Nueva York	
20239,20240,20241,20242	ORG	El Mercantil	El Mercantil	El Mercantil	
20269	MISC	Humanidad	Humanidad	Humanidad	
20339,20340,20341	PER	Margaret T. Maguire	Margaret T. Maguire	Margaret T. Maguire	
20351	LOC	Filadelfia	Filadelfia	Filadelfia	
20370	PER	Witmer	Witmer	Lightner Witmer	Q1399152
20378,20379,20380	ORG	Universidad de Pensilsilvania	Universidad de Pensilsilvania	Universidad de Pensilsilvania	
20551	LOC	FILIPINAS	Filipinas	Filipinas	
20965,20966,20967,20968	LOC	Plaza de Santa Cruz	Plaza de Santa Cruz	Plaza de Santa Cruz	
20996	PER	Maguire	Maguire	Maguire	
21031	PER	Witmer	Witmer	Lightner Witmer	Q1399152
21072	PER	Witmer	Witmer	Lightner Witmer	Q1399152
21075,21076	PER	Charles Giman	Charles Gilman	Charles J. Gilman	Q1064991
21438	MISC	SEMANARIO	Semanario	Semanario	
21523,21524	PER	CONSTANCIA POBLETE	Constancia Poblete	Constancia Poblete	
21533	LOC	FILIPINAS	Filipinas	Filipinas	
21537,21538	PER	FRANCISCA GESMUNDO	Francisca Gesmundo	Francisca Gesmundo	
21548	LOC	Manila	Manila	Manila	
21566	LOC	Manila	Manila	Manila	
22096	LOC	México	México	México	
22100,22101	PER	Mallde Montoya	Mallde Montoya	Matilde Montoya	Q4794047
22106	MISC	Medicina	Medicina	Medicina	
22109	LOC	República	República	República	
22116	LOC	Chile	Chile	Chile	
22123	MISC	Jurisprudencia	Jurisprudencia	Jurisprudencia	
22167,22168	ORG	Cámarade Comercio	Cámarade Comercio	Cámarade Comercio	
22172	LOC	Ecuador	Ecuador	Ecuador	
22174	LOC	Columbia	Columbia	Columbia	
22188	LOC	Veneznela	Venezuela	Venezuela	
22193	PER	Baralt	Baralt	Luis Alejandro Baralt Zacharie	Q107504347
22208	LOC	Perú	Perú	Perú	
22225	LOC	Uruguny	Uruguny	Uruguny	
22227	LOC	Bolivía	Bolivía	Bolivía	
22376	MISC	FILIPINAS	Filipinas	Filipinas	
22400	ORG	Guanajuato	Guanajuato	Guanajuato	
22407	PER	Ingares	Ingares	Ingares	
22420	LOC	Tulaen	Tulaen	Tulaen	
22475,22476,22477,22478	LOC	San Juan del Rio	San Juan del Rio	San Juan del Rio	
22509	LOC	Querétaro	Querétaro	Querétaro	
22526	PER	Maximiliano	Maximiliano	Maximiliano I de México	
22552	LOC	Salao	Salao	Salao	
22576	LOC	Guanainato	Guanajuato	Guanajuato	
22631,22632,22633,22634	MISC	NIEVOS PROGRESOS DE GUANAJUATO	Guanajuato	Guanajuato	
22653,22654	PER	PETER M.	Peter M. Myers	Peter M. Myers	
22666	LOC	Guanajuato	Guanajuato	Guanajuato	
22680	LOC	Mexico	México	México	
22697	LOC	Guanajuato	Guanajuato	Guanajuato	
22811	LOC	Guanajuato	Guanajuato	Guanajuato	
22836	LOC	Mexico	México	México	
23010	PER	Tinding	Tinding	Tinding	
23054	PER	Tinding	Tinding	Tinding	
23058	PER	Pepe	Pepe	Pepe	
23096	LOC	Pako	Pako	Pako	
23111	PER	Tindingl	Tinding	Tinding	
23117	PER	Pepe	Pepe	Pepe	
23140	LOC	Hongkong	Hongkong	Hongkong	
23145	LOC	Manila	Manila	Manila	
23151	PER	Tinding	Tinding	Tinding	
23158,23159	PER	FELISBERTA SOLIONGRO.	Felisberta Soliongko	Felisberta Soliongko	
23231	LOC	Marfil	Marfil	Marfil	
23246	LOC	Guanainato	Guanajuato	Guanajuato	
23252	LOC	Marfil	Marfil	Marfil	
23275,23276,23277	MISC	PUERIA DE SOL	Puerta del Sol	Puerta del Sol	
23674	MISC	Termina	Termina	Termina	
23877	LOC	México	México	México	
23882	LOC	Guanajuato	Guanajuato	Guanajuato	
24103	MISC	Madres	Madres	Madres	
24126	ORG	Pátria	Patria	Patria	
24142	MISC	FILIPINAS	Filipinas	Filipinas	
24165,24166	LOC	S. Paulo	S . Paulo	S. Paulo	
24168	LOC	Brasil	Brasil	Brasil	
24507	LOC	Shetland	Shetland	Shetland	
24665	LOC	Shetland	Shetland	Shetland	
24719,24720	PER	Amalia Francisco	Amalia Francisco	Amalia Francisco	
24722,24723	PER	Genoveva Camaclan	Genoveva Camaclan	Genoveva Camaclan	
24730	LOC	Tavabas	Tayabas	Tayabas	
25068,25069	PER	CONSTANCIA POBLETE	Constancia Poblete	Constancia Poblete	
25079	LOC	FILIPINAS	Filipinas	Filipinas	
25085,25086	PER	FRANCISCA GESMUNDO	Francisca Gesmundo	Francisca Gesmundo	
25095	LOC	Manila	Manila	Manila	
25112	LOC	Manila	Manila	Manila	
25489,25490,25491,25492	MISC	La Union lbero Americana	La Union lbero Americana	La Union lbero Americana	
25497,25498,25499,25500,25501	PER	Da Concepción Jimeno de Flaquer	Da Concepción Jimeno de Flaquer	Concepción Gimeno de Flaquer	Q17496308
25514	LOC	Termodonte	Termodonte	Termodonte	
25518	PER	Blasta	Blasta	Blasta	
25529	LOC	Bohemía	Bohemía	Bohemía	
25541	PER	Semíramis	Semiramis	Semiramis	Q107996086
25543	PER	Artemisa	Artemisa	Artemisa	Q3545616
25657	PER	Eva	Eva	Eva	Q830183
25713	PER	Curie	Curie	Marie Sklodowska-Curie	Q7186
25728	MISC	Terapentica	Terapentica	Terapentica	
25829,25830,25831,25832	PER	Luisa de La Valiére	Luisa de La Valiére	Luisa de La Valière	
25941	MISC	FILIPINAS	Filipinas	Filipinas	
26105	LOC	Guanaivato	Guanajuato	Guanajuato	
26252	LOC	Marfil	Marfil	Marfil	
26402	MISC	Evangelio	Evangelio	Evangelio	
26461	LOC	España	España	España	
26522	PER	LIORA	LIORA	Liora	
26958,26959,26960,26961	MISC	LA PERIA DEL SOL	Puerta del Sol	Puerta del Sol	
27089,27090	LOC	teatro Inárez	teatro Inárez	teatro Inárez	
27231	PER	Diaz	Diaz	Diaz	
27675,27676	PER	MIMOSA PEDICA	MIMOSA PEDICA	Mimosa Pedica	
27689,27690,27691,27692,27693,27694,27695	LOC	Plaza de Santa Cruz , Núms .	Plaza de Santa Cruz	Plaza de Santa Cruz	
27729	ORG	Pátria	Patria	Patria	
27799,27800	MISC	LA ESPERANZA	La Esperanza	La Esperanza	
27821	MISC	FILIPINAS	Filipinas	Filipinas	
27829	LOC	PILIPINA	Filipinas	Filipinas	
27856,27857	ORG	CITY PLATING	CITY PLATING	City Plating	
27863	LOC	Arlegui	Arlegui	Arlegui	
27878	LOC	Manila	Manila	Manila	
27898	LOC	Filipinas	Filipinas	Filipinas	
28523,28524	PER	Florante Sinulat	Florante Sinulat	Florante at Laura	Q5460489
28526,28527	PER	HERMENEGILDO Cruz	HERMENEGILDO Cruz	Hermenegildo Cruz	Q43723313
28539,28540	PER	Francisco Baltazar	Francisco Baltazar	Francisco H. Baltazar	Q12175922
28562	LOC	Maynila	Manila	Manila	
28568,28569,28570,28571	MISC	Liwasan ng᷉ Sta .	Liwasan ng᷉ Sta .	Liwasan ng᷉ Sta.	
28573	MISC	Cruz	Cruz	Cruz	
28664,28665,28666,28667	PER	Pectora , CONSTANCIA POBLETE	Constancia Poblete	Constancia Poblete	
28676	LOC	FILIPINAS	Filipinas	Filipinas	
28679,28680,28681,28682	PER	Admra , FRANCISCA GESMUNDO	Admra , FRANCISCA GESMUNDO	Francisca Gesmundo	
28691	LOC	Manila	Manila	Manila	
28717	LOC	Manila	Manila	Manila	
28744	MISC	CONSTON	CONSTON	Conston	
28745,28746,28747,28748	LOC	THE MARY S. HOSPITAL	THE MARY S. HOSPITAL	The Mary S. Hospital	
28795	PER	Kinkaid	Kinkaid	Kinkaid	
28886	ORG	Filipinas	Filipinas	Filipinas	
28893	PER	Kinkaid	Kinkaid	Kinkaid	
28992	LOC	Manila	Manila	Manila	
29003,29004,29005,29006,29007	LOC	Mary J. Johnston memorial Hospital	The Mary J. Johnston Memorial Hospital	The Mary J. Johnston Memorial Hospital	
29035	PER	Vds.	Vds.	Vds.	
29098,29099	PER	Rebecca Parish	Rebecca Parish	Rebecca Parrish	Q15998289
29116,29117,29118,29119,29120	LOC	Hospital Conmemorativo de Mar. Jonston	The Mary J. Johnston Memorial Hospital	The Mary J. Johnston Memorial Hospital	
29133,29134	LOC	calle Quesada	calle Quesada	calle Quesada	
29139	LOC	Tondo	Tondo	Tondo	
29150	LOC	Manila	Manila	Manila	
29175	LOC	Tondo	Tondo	Tondo	
29182	LOC	Manila	Manila	Manila	
29320,29321,29322,29323,29324,29325	LOC	THE MARY J. JONSTON MEMORIAL MOSPITAL	The Mary J. Johnston Memorial Hospital	The Mary J. Johnston Memorial Hospital	
29345	LOC	Manila	Manila	Manila	
29518,29519,29520,29521	LOC	Hostal Marn J. Jolston	Hostal Marn J. Jolston	Hostal Marn J. Jolston	
29560	LOC	Manila	Manila	Manila	
29658	MISC	Medicina	Medicina	Medicina	
29661	MISC	Cirugía	Cirugía	Cirugía	
29849,29850,29851	PER	Mise Rebecca Parish	Rebecca Parish	Rebecca Parrish	Q15998289
29859,29860,29861	PER	Mies Gertrade Diersbach	Mies Gertrade Diersbach	Gertrade Diersbach	
29863,29864,29865	PER	Miss Rose Duddley	Miss Rose Duddley	Rose Duddley	
29871,29872,29873,29874,29875,29876	LOC	The Mary J. Johnston Memorial Hospital	The Mary J. Johnston Memorial Hospital	The Mary J. Johnston Memorial Hospital	
29881,29882,29883,29884	PER	Mr S. B. Johnston	Mr S. B. Johnston	S. B. Johnston	
29887,29888	LOC	St. Paul	St. Paul	St. Paul	
29890	LOC	Minnesota	Minnesota	Minnesota	
30158,30159,30160,30161	LOC	Hospital Marru 3 Jonston	The Mary J. Johnston Memorial Hospital	The Mary J. Johnston Memorial Hospital	
30182	MISC	Dios	Dios	Dios	
30218	LOC	FILIPINAS	Filipinas	Filipinas	
30243	LOC	FILIPINAS	Filipinas	Filipinas	
30760	MISC	GUANAJUAINO	Guanajuato	Guanajuato	
30774,30775,30776	PER	PETER M. MES	Peter M. Myers	Peter M. Myers	
30804,30805,30806	LOC	Iglesia de Valenciana	Iglesia de Valenciana	Iglesia de Valenciana	
30891	LOC	México	México	México	
30901	LOC	México	México	México	
30941	LOC	Guanajuato	Guanajuato	Guanajuato	
31142,31143	PER	San Juan	San Juan	San Juan	
31144	LOC	Bantista	Bantista	Bantista	
31241	ORG	Pátria	Patria	Patria	
31251	MISC	FILIPINAS	Filipinas	Filipinas	
31273	MISC	Crepes-POSITO	Crepes-POSITO	Crepes-POSITO	
31339	PER	Hidalgo	Hidalgo	Hidalgo	
31342	LOC	Gnanajuato	Guanajuato	Guanajuato	
31361	MISC	Jorge	Jorge	Jorge	
31362,31363,31364	PER	Washington de Mexico	Washington de Mexico	Washington de Mexico	
31369,31370	LOC	San Felipe	San Felipe	San Felipe	
31393	LOC	Chihuahuaen	Chihuahuaen	Chihuahuaen	
31400	LOC	Guanajuato	Guanajuato	Guanajuato	
31407	LOC	Alhondigna	Alhondigna	Alhondigna	
31409	LOC	Graniditas	Graniditas	Graniditas	
31428	PER	Hidalgo	Hidalgo	Hidalgo	
31509	LOC	Guanainato	Guanajuato	Guanajuato	
31676	LOC	Panteón	Panteón	Panteón	
31688	LOC	México	México	México	
31760	LOC	Tamboanga	Zamboanga	Zamboanga	
32067,32068	PER	ISABEL CORTEZ.	Isabel Cortez	Isabel Cortez	
32245,32246	PER	CONSTANCIA POBLETE	Constancia Poblete	Constancia Poblete	
32247	LOC	MANILA	Manila	Manila	
32295	PER	Voltaes	Voltaes	Voltaes	
33697,33698,33699	PER	Elizabet Barrett Browning	Elizabet Barrett Browning	Elizabeth Barrett Browning	Q228494
33800	PER	Ciceron	Ciceron	Cicerón	Q1541
34110	LOC	FILIPINAS	Filipinas	Filipinas	
34112,34113	PER	Charles Kingslev	Charles Kingslev	Charles Kingslev	
34136	PER	Kingsley	Kingsley	Charles Kingsley	Q353238
34152	PER	Emerson	Emerson	Ralph Waldo Emerson	Q48226
34476,34477	PER	BELISARIO ROSAS	BELISARIO ROSAS	Belisario Rosas	
34689	MISC	Mengue	Benguet	Benguet	
34705	PER	Pepita	Pepita	Pepita	
34713	MISC	Zeppelin	Zeppelin	Zeppelin	
34718	MISC	Wright	Wright	Wright	
34722	MISC	Antoinette	Antoinette	Antoinette	
34728	PER	Mara	Mara	Mara	
34735	PER	Hoffding	Hoffding	Harald Høffding	Q703531
34738,34739	PER	Oswald Kulpe	Oswald Kulpe	Oswald Külpe	Q61190
34754,34755	PER	Jean Perrin	Jean Perrin	Jean Perrin	
34759,34760	MISC	Wald hute	Wald hute	Wald hute	
34771	PER	Lloyd-George	Lloyd-George	Lloyd-George	
34783	LOC	Basvo	Basvo	Basvo	
34806	PER	Kempis	Kempis	Tomás de Kempis	Q220976
34880	PER	Pepita	Pepita	Pepita	
34996,34997	PER	Padre Celestial	Padre Celestial	Dios	Q190
35026	PER	Pepita	Pepita	Pepita	
35286	PER	Pepita	Pepita	Pepita	
35374	PER	Dios	Dios	Dios	Q190
35399	PER	Pepita	Pepita	Pepita	
35614	PER	Pepita	Pepita	Pepita	
35787	PER	Pepita	Pepita	Pepita	
36050	PER	Dios	Dios	Dios	Q190
36054	PER	Pepita	Pepita	Pepita	
36173,36174	PER	FLORINDA LIGAYA	FLORINDA LIGAYA	Florinda Ligaya	
36177	LOC	FILIPINAS	Filipinas	Filipinas	
36478,36479	PER	ELENA MATINTIMAN	ELENA MATINTIMAN	Elena Matintiman	
36497,36498,36499	PER	Mariano A. Ganan	Mariano A. Ganan	Mariano A. Ganan	
36516	LOC	Gunao	Gunao	Gunao	
36519	LOC	Kiapo	Quiapo	Quiapo	
36573	LOC	Francisco	Francisco	Francisco	
36577,36578	LOC	de Cebú	Cebú	Cebú	
36580	LOC	Cebú	Cebú	Cebú	
36619,36620,36621,36622	LOC	PLAZA DE SANTA CRUZ	Plaza de Santa Cruz	Plaza de Santa Cruz	
36653	ORG	Pátria	Patria	Patria	
36667	PER	LIWAYAY	Liwayway	Liwayway	
36720,36721	LOC	Jardin Botánico	Jardin Botánico	Jardin Botánico	
36805	PER	Luisa	Luisa	Luisa	
36904	PER	Luisa	Luisa	Luisa	
36981	PER	Angela	Ángela	Ángela	
37114	PER	Luisa	Luisa	Luisa	
37179	PER	Luisa	Luisa	Luisa	
37197	PER	Angela	Ángela	Ángela	
37212	PER	Lnisa	Lnisa	Lnisa	
37296,37297	MISC	premo NOBEL	Premio Nobel	Premio Nobel	
37305,37306	MISC	premio Nobel	Premio Nobel	Premio Nobel	
37331	PER	Curie	Curie	Marie Sklodowska-Curie	Q7186
37346	PER	Becuerel	Becuerel	Becuerel	
37361,37362,37363	PER	Baronesa yon Suttuer	Baronesa yon Suttuer	Baronesa von Suttuer	
37371,37372	MISC	Ground Arms	Ground Arms	Ground Arms	
37411,37412	PER	Selma Lagerloff	Selma Lagerloff	Selma Lagerloff	
37450	LOC	Suecia	Suecia	Suecia	
37453	LOC	Alemania	Alemania	Alemania	
37458	LOC	Europa	Europa	Europa	
37468	PER	Nobel	Nobel	Alfred Nobel	Q23810
37479	PER	Marconi	Marconi	Guglielmo Giovanni Maria Marconi	Q36488
37482,37483	PER	Profesor Braun	Profesor Braun	Oskar Braun	Q94789473
37486	LOC	Estrasburgo	Estrasburgo	Estrasburgo	
37496,37497	PER	Profesor Ostwald	Profesor Ostwald	Wilhelm Ostwald	Q12658
37500	LOC	Lcipig	Lcipig	Lcipig	
37509,37510,37511	PER	Profesor Teoaloro Koler	Profesor Teoaloro Koler	Theodore Koehler	Q105424299
37514	LOC	Perna	Berna	Berna	
37523	MISC	Medicina	Medicina	Medicina	
37527,37528,37529,37530,37531	PER	Barón de Estournelles de Conslant	Barón de Estournelles de Conslant	Paul d'Estournelles	Q238731
37535	LOC	Francin	Francin	Francin	
37538,37539,37540,37541,37542	ORG	Tribunal permanente de la lava	Tribunal permanente de la lava	Tribunal permanente de la lava	
37546,37547	PER	M Bcerit	M Bcerit	Bcerit	
37551	ORG	Estado	Estados Unidos	Estados Unidos	
37553	LOC	Bélgica	Bélgica	Bélgica	
37614,37615	MISC	LA EMPRESA	LA EMPRESA	La Empresa	
37693,37694	PER	Carmen Edano	Carmen Edano	Carmen Edano	
37728	LOC	Lucena	Lucena	Lucena	
37734	LOC	Tayabas	Tayabas	Tayabas	
38790	LOC	FILIPINAS	Filipinas	Filipinas	
38795	LOC	MANILA	Manila	Manila	
38815,38816,38817	ORG	E - ARIDA	E - ARIDA	E - Arida	
38830,38831	PER	CONSTANCIA POBLETE	Constancia Poblete	Constancia Poblete	
39209	MISC	Contina	Contina	Contina	
39636,39637	PER	ELENA MATINTIMAN	ELENA MATINTIMAN	Elena Matintiman	
39640,39641,39642,39643	PER	Srta , Rosalia Cobarrubias	Rosalía Cabarrubias	Rosalía Cabarrubias	
39660,39661	PER	Rosalía Cabarrubias	Rosalía Cabarrubias	Rosalía Cabarrubias	
39671	MISC	Zamboangueña	Zamboanga	Zamboanga	
39693	LOC	FILIPINAS	Filipinas	Filipinas	
39699	PER	Pepita	Pepita	Pepita	
39923	PER	Pepita	Pepita	Pepita	
40368,40369,40370	PER	Pepita de mialma	Pepita de mialma	Pepita	
40385	PER	Eva	Eva	Eva	Q830183
40412	LOC	Marte	Marte	Marte	
40695	PER	Pepita	Pepita	Pepita	
40724,40725	LOC	Extremo Oriente	Oriente	Oriente	
40728	PER	Cervantes	Cervantes	Miguel de Cervantes	Q5682
41062	PER	Pepita	Pepita	Pepita	
41229,41230,41231	PER	FLORINDA LIGAYA .	FLORINDA LIGAYA	Florinda Ligaya	
41233	LOC	FILIPINSA	Filipinas	Filipinas	
41586	LOC	Paris	París	París	
41594,41595,41596,41597	PER	Condesa Diane de Benusnco	Condesa Diane de Benusnco	Diane de Beausacq	Q3026250
41727	ORG	Pátria	Patria	Patria	
41751,41752	LOC	Extremo Oriente	Oriente	Oriente	
41755	PER	Cervantes	Cervantes	Miguel de Cervantes	Q5682
41776	LOC	Rumanía	Rumanía	Rumanía	
41780,41781	PER	Carmen Solva	Carmen Solva	Carmen Solva	
41886,41887	PER	Condesa Diana	Condesa	Condesa	
42034,42035	PER	Condesa Diana	Condesa	Condesa	
42246,42247	PER	Condesa Diana	Condesa	Condesa	
42482	PER	Condesa	Condesa	Condesa	
42485,42486	PER	Pierre Loti	Pierre Loti	Pierre Loti	Q311854
42489,42490	PER	Eugene Monton	Eugene Monton	Eugène Mouton	Q509188
42493,42494	PER	Jean Aicard	Jean Aicard	Jean Aicard	Q726967
42497,42498	PER	Eduarde Hervé	Eduarde Hervé	Édouard Hervé	Q3579886
42501,42502	PER	Alphonsa Penand	Alphonsa Penand	Alphonsa Penand	
42505,42506	PER	Sully Prudhomme	Sully Prudhomme	Sully Prudhomme	Q42247
42508,42509	PER	Laurent Tailhade	Laurent Tailhade	Laurent Tailhade	Q2607219
42511,42512,42513,42514	PER	José Maria de Heredia	José Maria de Heredia	José María Heredia	Q609805
42541,42542	MISC	JAMON PINA	JAMON PINA	Jamon Pina	
42545,42546,42547,42548	ORG	VICENTE E . GENATO	Vicente E. Genato	Vicente E. Genato	
42553	LOC	Escolta	Escolta	Escolta	
42558	LOC	Manila	Manila	Manila	
42567	LOC	FILIPINAS	Filipinas	Filipinas	
42685,42686	LOC	Extremo Oriente	Oriente	Oriente	
42689	PER	Cervantes	Cervantes	Miguel de Cervantes	Q5682
42710	PER	María	María	María	
42761	PER	Florencio	D. Florencio	Florencio	
42778	PER	Guillermo	Guillermo	Guillermo	
42783	LOC	Manila	Manila	Manila	
42799	PER	María	María	María	
42849	LOC	Rosa	Rosa	Rosa	
42872	PER	María	María	María	
43002,43003	PER	Mr. John	Mr. John	John	
43035,43036,43037	PER	D . Florencio	D. Florencio	Florencio	
43065	PER	Guillermo	Guillermo	Guillermo	
43103,43104	PER	D. Florencio	D. Florencio	Florencio	
43170,43171	PER	Mr. Jobn	Mr. John	John	
43210	LOC	FILIPINAS	Filipinas	Filipinas	
43245	PER	María	María	María	
43318,43319	PER	Mr. John	Mr. John	John	
43352	PER	Mar	Mar	María	
43400,43401	PER	Mr John	Mr. John	John	
43445	LOC	América	América	América	
43472	PER	Guillermo	Guillermo	Guillermo	
43508,43509	PER	Mr. Jofn	Mr. John	John	
43536	PER	Joln	Joln	John	
43614,43615	PER	Mr. Jobn	Mr. John	John	
43661	PER	Guillermo	Guillermo	Guillermo	
43667	LOC	Manila	Manila	Manila	
43677,43678	PER	Mr. John	Mr. John	John	
43680	PER	Maria	María	María	
43698	PER	John	John	John	
43732	LOC	Manila	Manila	Manila	
43755,43756	LOC	LA ESPERANZA	La Esperanza	La Esperanza	
43769,43770	LOC	Extremo Oriente	Oriente	Oriente	
43773	LOC	Cervantes	Cervantes	Cervantes	
43793,43794	PER	Mr. John	Mr. John	John	
43817	PER	María	María	María	
43840	LOC	Manila	Manila	Manila	
43856	LOC	Manila	Manila	Manila	
43903,43904	PER	Mr. John	Mr. John	John	
43953,43954	PER	Mr. John	Mr. John	John	
44001	LOC	América	América	América	
44075	PER	Guillermo	Guillermo	Guillermo	
44280,44281,44282	PER	M . Comby	M . Comby	Comby	
44291,44292,44293,44294	MISC	Archives de Médicine denfantsa	Archives de Médicine denfantsa	Archives de Médicine denfantsa	
44708,44709,44710	LOC	VICENTE E. GENTO	Vicente E. Genato	Vicente E. Genato	
44714,44715	MISC	JAMON PINA	JAMON PINA	Jamon Pina	
44718	LOC	Escolta	Escolta	Escolta	
44723	LOC	Manila	Manila	Manila	
44726	LOC	ribera	ribera	ribera	
44737,44738	LOC	Extremo Oriente	Oriente	Oriente	
44741	LOC	Cervantes	Cervantes	Cervantes	
44756	LOC	Manila	Manila	Manila	
45023	MISC	Leime	Leime	Leime	
45024,45025,45026	MISC	Old Mill Bond	Old Mill Bond	Old Mill Bond	
45028	MISC	Mission	Mission	Mission	
45030,45031	MISC	Old London	Old London	Old London	
45033	MISC	Dutch	Dutch	Dutch	
45056,45057,45058,45059,45060,45061	PER	S JOHN R . EDGARA C.	S JOHN R . EDGARA C.	S John R. Edgara C.	
45063	ORG	Escolta	Escolta	Escolta	
45069	LOC	Maynila	Manila	Manila	
45090,45091,45092	LOC	Restaurant Manila Plaza	Restaurant Manila	Restaurant Manila	
45096	LOC	Cruz	Cruz	Cruz	
45107	MISC	Eig	Eig	Eig	
45109	MISC	Suizos	Suizos	Suizos	
45118	MISC	ORION	ORION	Orion	
45133,45134	PER	Felix olimann	Felix olimann	Felix olimann	
45141	ORG	Escolta	Escolta	Escolta	
45145	LOC	Manila	Manila	Manila	
45157,45158	LOC	Reves rada	Reves rada	Reves rada	
45168,45169	LOC	San Roque	San Roque	San Roque	
45171,45172	LOC	Santa Cruz	Plaza de Santa Cruz	Plaza de Santa Cruz	
45174	LOC	Manila	Manila	Manila	
45262,45263	PER	CONSTANCIA POBLETE	Constancia Poblete	Constancia Poblete	
45273	LOC	FILIPINAS	Filipinas	Filipinas	
45278,45279	PER	ROSARIO LAM	ROSARIO LAM	Rosario Lam	
45288	LOC	Manila	Manila	Manila	
45316	ORG	Escolta	Escolta	Escolta	
45334	LOC	FILIPINAS	Filipinas	Filipinas	
45337	LOC	Manila	Manila	Manila	
45558	ORG	Pátria	Patria	Patria	
45929	PER	Adan	Adan	Adán	Q70899
45931	PER	Eva	Eva	Eva	Q830183
45954,45955	MISC	EATREMO ORIENTE	Oriente	Oriente	
45956	LOC	Cervantes	Cervantes	Cervantes	
45965	LOC	FILIPINAS	Filipinas	Filipinas	
46529	MISC	Patria	Patria	Patria	
46569	MISC	Patria	Patria	Patria	
46670,46671	MISC	JAMON PINA	JAMON PINA	Jamon Pina	
46674,46675,46676	ORG	Vicente E. Genato	Vicente E. Genato	Vicente E. Genato	
46681	LOC	Escolta	Escolta	Escolta	
46687	LOC	Manila	Manila	Manila	
46881	MISC	ERTREMO	ERTREMO	Ertremo	
46882	LOC	ORIENTE	Oriente	Oriente	
46883	PER	Cervantes	Cervantes	Miguel de Cervantes	Q5682
46908	LOC	Paris	París	París	
46948,46949	LOC	Nueva York	Nueva York	Nueva York	
46954,46955	PER	Ana Morgan	Ana Morgan	Ana Morgan	
46971	ORG	Sindicato	Sindicato	Sindicato	
46981	PER	Alina	Alina	Alina	
47058,47059	PER	Ana Morgan	Ana Morgan	Ana Morgan	
47087,47088,47089,47090	ORG	Estados de la Unión	Estados de la Unión	Estados de la Unión	
47125,47126	PER	Ana Morgan	Ana Morgan	Ana Morgan	
47154	PER	Ana	Ana	Ana	
47173	PER	Morgan	Morgan	Morgan	
47219	LOC	quinta	quinta	quinta	
47237	MISC	AMON	AMON	Amon	
47239	MISC	PINA	Filipinas	Filipinas	
47247,47248,47249	LOC	Vicente E. Genato	Vicente E. Genato	Vicente E. Genato	
47288	ORG	Pátria	Patria	Patria	
47320,47321	ORG	LA ESPERANZA	La Esperanza	La Esperanza	
47344	LOC	Sur	Sur	Sur	
47347,47348	LOC	Estados Unidos	Estados Unidos	Estados Unidos	
47478	LOC	Georgia	Georgia	Georgia	
47511,47512	PER	Charles Stiles	Charles Stiles	Charles Wardell Stiles	Q2960426
47567	PER	Stiles	Stiles	Charles Wardell Stiles	Q2960426
47595	MISC	Sur	Sur	Sur	
47678	PER	Rockefeller	Rockefeller	Rockefeller	
47733	LOC	FILIPINAS	Filipinas	Filipinas	
47750	LOC	ORIENTE	Oriente	Oriente	
47751	LOC	Cervantes	Cervantes	Cervantes	
47762	LOC	FILIPINAS	Filipinas	Filipinas	
47781,47782	PER	Sixto Lopez	Sixto Lopez	Sixto Lopez	
47791	PER	Smith	Smith	Smith	
47815,47816	LOC	Los Baños	Los Baños	Los Baños	
47819	PER	Forbes	Forbes	Forbes	
47838	PER	Smith	Smith	Smith	
47861,47862	PER	Wenceslawa Daman	Wenceslawa Daman	Wenceslawa Daman	
47871,47872,47873	LOC	Barrio de Mangalan	Barrio de Mangalan	Barrio de Mangalan	
47892	ORG	Capiz	Capiz	Capiz	
47993	LOC	Renguet	Benguet	Benguet	
47996,47997	PER	Marcelino Aguna	Marcelino Aguna	Marcelino Aguna	
48007	LOC	Pangasinan	Pangasinan	Pangasinan	
48034	LOC	Manila	Manila	Manila	
48065	PER	Sumulong	Sumulong	Sumulong	
48098,48099	ORG	E Sherifl	E Sherifl	E Sherifl	
48101	LOC	Manila	Manila	Manila	
48114,48115,48116	ORG	El Re. nacimiento	Renacimiento	Renacimiento	
48126,48127	PER	Dean C.	Dean C.	C Dean	Q89596125
48129	PER	Worcerter	Dean C. Worcester	Dean Conant Worcester	Q530805
48143,48144	MISC	E Renaciniento	Renacimiento	Renacimiento	
48147,48148	MISC	Muling Pagsila	Muling Pagsila	Muling Pagsila	
48154	PER	Worcerter	Dean C. Worcester	Dean Conant Worcester	Q530805
48197	PER	Schmidt	Schmidt	Schmidt	
48199	PER	Zeigler	Zeigler	Zeigler	
48212,48213	MISC	Paraiso Terrenal	Paraiso Terrenal	Paraiso Terrenal	
48289	PER	Dios	Dios	Dios	Q190
48531	LOC	PARCON	PARCON	Parcon	
48534	LOC	Pototan	Pototan	Pototan	
48586,48587	PER	Martin Ocampo	Martin Ocampo	Martin Ocampo	Q96676731
48590,48591,48592	PER	Teodoro M. Kalaw	Teodoro M. Kalaw	Teodoro M. Kalaw	Q6141784
48594,48595,48596	PER	Lope K. Santos	Lope K. Santos	Lope K. Santos	Q3543390
48599,48600	PER	Rafael Palma	Rafael Palma	Rafael Palma	Q2789851
48603,48604	PER	Arcadio Arellano	Arcadio Arellano	Arcadio Arellano	Q28109287
48607,48608	PER	Angel José	Angel José	Angel José	
48610	PER	Galo	Galo	Galo	
48612	PER	Lichanco	Lichanco	Lichanco	
48615,48616	PER	Felipe Barretto	Felipe Barretto	Felipe Barretto	
48618,48619,48620,48621	PER	Gregorio M . Canpipit	Gregorio M . Canpipit	Gregorio M. Canpipit	
48639	MISC	Renacimiento	Renacimiento	Renacimiento	
48650,48651,48652	PER	Dean C. Worcerter	Dean C. Worcester	Dean Conant Worcester	Q530805
48675	PER	Cervantes	Cervantes	Miguel de Cervantes	Q5682
48684	LOC	FILIPINAS	Filipinas	Filipinas	
48715	MISC	CAMAACORO	CAMAACORO	Camaacoro	
48920	MISC	Perla	Perla	Perla	
48921,48922	LOC	de Oriente	Oriente	Oriente	
48930	MISC	Luna	Luna	Luna	
49475	PER	Virgen	Virgen	Virgen María	Q345
49514,49515	PER	ISABEL CORTEZ	Isabel Cortez	Isabel Cortez	
49518	LOC	Zamboanga	Zamboanga	Zamboanga	
49541	PER	Cervantes	Cervantes	Miguel de Cervantes	Q5682
49559	LOC	Manila	Manila	Manila	
49693	MISC	FILIPINAS	Filipinas	Filipinas	
49778	MISC	JOHN	John	John	
49779,49780,49781	LOC	R. EDGAR Y	R. EDGAR Y	R. Edgar y	
49783	LOC	Escolta	Escolta	Escolta	
49789	LOC	Maynila	Manila	Manila	
49798	MISC	Suzos	Suizos	Suizos	
49800	MISC	Franceses	Franceses	Franceses	
49805,49806,49807	MISC	EL RELOS ORION	EL RELOS ORION	El Relos Orion	
49822,49823	PER	Felix olimann	Felix olimann	Felix olimann	
49829	LOC	Escolta	Escolta	Escolta	
49833	LOC	Manila	Manila	Manila	
49862,49863	LOC	Restaurant Manila	Restaurant Manila	Restaurant Manila	
49865,49866,49867,49868	LOC	Plaza Sta . Cruz	Plaza de Santa Cruz	Plaza de Santa Cruz	
49889,49890	LOC	San Roque	San Roque	San Roque	
49892,49893	LOC	Santa Cruz	Plaza de Santa Cruz	Plaza de Santa Cruz	
49895	LOC	Manila	Manila	Manila	
49982,49983	PER	CONSTANCIA POBLETE	Constancia Poblete	Constancia Poblete	
49988	LOC	GOS	GOS	Gos	
49994	LOC	FILIPINAS	Filipinas	Filipinas	
49999	LOC	ROSARIO	Rosario	Rosario	
50009	LOC	Manila	Manila	Manila	
50017	MISC	Exterior	Exterior	Exterior	
50054	LOC	FILIPINAS	Filipinas	Filipinas	
50057	LOC	Manila	Manila	Manila	
50231,50232,50233,50234	ORG	Servicio Central de Correo	Servicio Central de Correo	Servicio Central de Correo	
50361	ORG	Pátria	Patria	Patria	
50386	LOC	FILIPINAS	Filipinas	Filipinas	
50666	MISC	ERTREMO	ERTREMO	Ertremo	
50667	LOC	ORIENTE	Oriente	Oriente	
50671	PER	Cervantes	Cervantes	Miguel de Cervantes	Q5682
51176	LOC	FILIPINAS	Filipinas	Filipinas	
51189,51190,51191,51192	ORG	Alianza de Higiene Social	Alianza de Higiene Social	Alianza de Higiene Social	
51195,51196	LOC	Buenos Aires	Buenos Aires	Buenos Aires	
51260,51261,51262	ORG	Club de Madres	Club de Madres	Club de Madres	
51272,51273	LOC	Buenos Aires	Buenos Aires	Buenos Aires	
51593,51594	LOC	ERTREMO ORIENTE	Oriente	Oriente	
51595	LOC	Cervantes	Cervantes	Cervantes	
51605	LOC	FILIPINAS	Filipinas	Filipinas	
51683	MISC	Patria	Patria	Patria	
52430,52431,52432,52433	PER	Juana de la Cruz	Juana de la Cruz	Sor Juana Inés de la Cruz	Q183074
52466	LOC	Cebú	Cebú	Cebú	
52482,52483,52484,52485	PER	BENITA A. DE RODA	BENITA A. DE RODA	Benita A. de Roda	
52505	MISC	TUNA	TUNA	Tuna	
52508,52509	MISC	LA ESPERANZA	La Esperanza	La Esperanza	
52522,52523	LOC	EXTREMO ORIENTE	Oriente	Oriente	
52524	LOC	Cervantes	Cervantes	Cervantes	
52535	LOC	FILIPINAS	Filipinas	Filipinas	
52967	PER	Cristo	Cristo	Jesús de Nazaret	Q302
52980,52981	PER	El loco	El loco	El loco	
53080	PER	Padre	Padre	Padre	
53195	PER	Manuel	Manuel	Manuel	
53428,53429,53430	LOC	Vicente E. Genato	Vicente E. Genato	Vicente E. Genato	
53434,53435	MISC	JAMON PINA	JAMON PINA	Jamon Pina	
53441	LOC	Manila	Manila	Manila	
53456	MISC	ORIENTE	Oriente	Oriente	
53457	MISC	Cervantes	Cervantes	Cervantes	
53468	LOC	FILIPINAS	Filipinas	Filipinas	
53506	ORG	ESCOlía	Escolta	Escolta	
53508,53509,53510,53511	ORG	THE SAN FRANCISCO ESCOLa	THE SAN FRANCISCO ESCOLa	THE SAN FRANCISCO ESCOLa	
53514	PER	PILATOS	PILATOS	Poncio Pilato	Q17131
53622	PER	Padre	Padre	Padre	
53678,53679	MISC	Semana Santa	Semana Santa	Semana Santa	
53692	PER	Mayuel	Mayuel	Manuel	
53743	PER	Padre	Padre	Padre	
53863,53864	MISC	Jueves Santo	Jueves Santo	Jueves Santo	
53874	PER	Manuel	Manuel	Manuel	
53901	PER	Nazareno	Nazareno	Nazareno	Q94412661
53933	MISC	Canas	Canas	Canas	
53936	PER	Quirona	Quirona	Quirona	
53948	PER	Quiroga	QUIROGA	Quiroga	
53960	LOC	Jaya	Jaya	Jaya	
53974,53975	MISC	MODELO QUIROGA	MODELO QUIROGA	Modelo Quiroga	
54055	PER	Padre	Padre	Padre	
54089	PER	Manuel	Manuel	Manuel	
54122	PER	Manuel	Manuel	Manuel	
54218,54219,54220,54221,54222	PER	La Condesa de PARDO BAZAN	La Condesa de PARDO BAZAN	Emilia Pardo Bazán	Q275929
54249,54250	MISC	JAMON PINA	JAMON PINA	Jamon Pina	
54255,54256,54257	PER	Vicente E. Genato	Vicente E. Genato	Vicente E. Genato	
54264	LOC	Escolta	Escolta	Escolta	
54269	LOC	Manila	Manila	Manila	
54287	PER	Cervantes	Cervantes	Miguel de Cervantes	Q5682
54306	LOC	Manila	Manila	Manila	
54326	LOC	FILIPINAS	Filipinas	Filipinas	
54344,54345	PER	ASUNCION MANAHAN	ASUNCION MANAHAN	Asuncion Manahan	
54352,54353	LOC	Sta Cruz	Plaza de Santa Cruz	Plaza de Santa Cruz	
54356	LOC	FILIPINAS	Filipinas	Filipinas	
54384,54385,54386,54387	PER	ISABELO DE LOS REYES	Isabelo de los Reyes	Isabelo de los Reyes	Q3550199
54393	MISC	TAGUMPAY	TAGUMPAY	Tagumpay	
54396,54397,54398,54399	ORG	UNION DE TIPOGRAFOS FILIPINOS	UNION DE TIPOGRAFOS FILIPINOS	Union de Tipografos Filipinos	
54431,54432,54433,54434	LOC	Plaza Sta . Cruz	Plaza de Santa Cruz	Plaza de Santa Cruz	
54440	LOC	MANILA	Manila	Manila	
54466,54467	LOC	INTERNATIONAL STUDIO	International Studio	International Studio	
54473	LOC	MANILA	Manila	Manila	
54476	LOC	RIZAL	Rizal	Rizal	
54486	LOC	LACOSTE	Lacoste	Lacoste	
54491	LOC	CRUZ	Cruz	Cruz	
54521	LOC	Legaspi	Legaspi	Legaspi	
54524	MISC	Kalibo	Kalibo	Kalibo	
54526	MISC	Iloilo	Iloilo	Iloilo	
54562,54563	PER	ELPIDIA YÍA	Elpidia Yía	Elpidia Yía	
54604	LOC	Pagsanghan	Pagsanghan	Pagsanghan	
54606	LOC	Laguna	Laguna	Laguna	
54614,54615,54616	ORG	Instituto de Mujeres	Instituto de Mujeres	Instituto de Mujeres	
54661	LOC	Laguna	Laguna	Laguna	
54669	LOC	Manila	Manila	Manila	
54697,54698	LOC	Estados Unidos	Estados Unidos	Estados Unidos	
54726,54727	PER	Elpidia Yía	Elpidia Yía	Elpidia Yía	
54739,54740	LOC	Extremo Oriente	Oriente	Oriente	
54761,54762,54763	ORG	Philippines Free Press	Philippines Free Press	Philippines Free Press	
54773,54774	LOC	VOLCAN MAYON	VOLCAN MAYON	Volcan Mayon	
54783	LOC	Filipinas	Filipinas	Filipinas	
54825	LOC	Luzon	Luzon	Luzon	
54828	LOC	MAYON	MAYON	Mayon	
54834	LOC	Albay	Albay	Albay	
54842	LOC	Filipinas	Filipinas	Filipinas	
54882	LOC	Madrid-	Madrid	Madrid	
54896	LOC	Libog	Libog	Libog	
54902	LOC	Albay	Albay	Albay	
54930,54931	LOC	Camarines Sur	Camarines Sur	Camarines Sur	
54933	LOC	Albay	Albay	Albay	
54961,54962	LOC	Camarines Sur	Camarines Sur	Camarines Sur	
54964	LOC	Albay	Albay	Albay	
54968	LOC	MAYON	MAYON	Mayon	
54986,54987	LOC	San Bernardino	San Bernardino	San Bernardino	
55063	LOC	Malinaw	Malinaw	Malinaw	
55071	LOC	Cagsawa	Cagsawa	Cagsawa	
55073	LOC	Camalig	Camalig	Camalig	
55075	LOC	Budyaw	Budyaw	Budyaw	
55077	LOC	Guinobatan	Guinobatan	Guinobatan	
55079	LOC	Polangui	Polangui	Polangui	
55081	LOC	Ligaw	Ligaw	Ligaw	
55323,55324	PER	FELICIDAD VILLARICA	FELICIDAD VILLARICA	Felicidad Villarica	
55330,55331	PER	FELICIDAD VILLARICA	FELICIDAD VILLARICA	Felicidad Villarica	
55364	LOC	Marilaw	Marilaw	Marilaw	
55368	LOC	Bulacan	Bulacan	Bulacan	
55443,55444,55445	PER	JOSEPHINE LEOPOLDINE TAUFER	JOSEPHINE LEOPOLDINE TAUFER	Josephine Bracken	Q1965049
55455,55456	PER	José Rizal	José Rizal	José Rizal	Q1500
55463	LOC	Dapitan	Dapitan	Dapitan	
55470	PER	Josephina	Josephina	Josephine Bracken	Q1965049
55472,55473	PER	Dr. Rizal	Dr. Rizal	José Rizal	Q1500
55479	LOC	Dapitan	Dapitan	Dapitan	
55547	PER	DIOS	Dios	Dios	Q190
55615,55616	PER	JOSE RIZAL	José Rizal	José Rizal	Q1500
55620	MISC	FILIPINAS	Filipinas	Filipinas	
55706	LOC	Manila	Manila	Manila	
55731	LOC	FILIPINAS	Filipinas	Filipinas	
55737,55738,55739,55740,55741	LOC	Calle de Misericordia Núm .	Calle de Misericordia	Calle de Misericordia	
55745,55746	LOC	Santa Cruz	Plaza de Santa Cruz	Plaza de Santa Cruz	
55750,55751	PER	Constancia Poblete	Constancia Poblete	Constancia Poblete	
55754,55755	PER	Francisca Gesmundo	Francisca Gesmundo	Francisca Gesmundo	
55763,55764	PER	Andrés Bonifacio	Andrés Bonifacio	Andrés Bonifacio	Q313604
55794,55795	PER	Andrés Bonifacio	Andrés Bonifacio	Andrés Bonifacio	Q313604
55867	MISC	Pátria	Patria	Patria	
55884	LOC	Filipinas	Filipinas	Filipinas	
55994	LOC	Arabia	Arabia	Arabia	
56009,56010,56011	LOC	Plaza de Santa	Plaza de Santa Cruz	Plaza de Santa Cruz	
56013	LOC	Cruz	Cruz	Cruz	
56163	PER	Silvano	Silvano	Silvano	
56240	PER	Silvano	Silvano	Silvano	
56248	ORG	Bangon	Bangon	Bangon	
56404	PER	Silvano	Silvano	Silvano	
56416	ORG	Bangon	Bangon	Bangon	
56481,56482,56483	ORG	FILIPINAS	Filipinas	Filipinas	
56485	ORG	School	School	School	
56625	LOC	Manila	Manila	Manila	
56672	ORG	Patria	Patria	Patria	
56679	PER	Dios	Dios	Dios	Q190
56698	PER	Silvano	Silvano	Silvano	
56729	PER	Silvano	Silvano	Silvano	
56821	PER	Silvano	Silvano	Silvano	
56885	PER	Silvano	Silvano	Silvano	
56912,56913	MISC	Sol Naciente	Sol Naciente	Sol Naciente	
56995	PER	Silvano	Silvano	Silvano	
57025	PER	Silvano	Silvano	Silvano	
57096	PER	Silvado	Silvado	Silvado	
57105	ORG	Bangon	Bangon	Bangon	
57137,57138	PER	JUSTINA ILIWANAG	JUSTINA ILIWANAG	Justina Iliwanag	
57143	LOC	Pangasinan	Pangasinan	Pangasinan	
57145	LOC	Laguna	Laguna	Laguna	
57179	MISC	Patria	Patria	Patria	
57454	PER	Dios	Dios	Dios	Q190
57459	MISC	Pátria	Patria	Patria	
57487,57488	ORG	LA ESPERANZA	La Esperanza	La Esperanza	
57659	LOC	FILIPINAS	Filipinas	Filipinas	
57757	PER	Dios	Dios	Dios	Q190
57909	PER	Beatriz	Beatriz	Beatriz	
58056	PER	Beatriz	Beatriz	Beatriz	
58083	PER	Beatriz	Beatriz	Beatriz	
58086	PER	Alfonso	Alfonso XIII	Alfonso XIII de España	Q18363
58093	PER	Alfonso	Alfonso XIII	Alfonso XIII de España	Q18363
58111	PER	Beatriz	Beatriz	Beatriz	
58158	PER	Dios	Dios	Dios	Q190
58163	MISC	Pátria	Patria	Patria	
58229	PER	Artífice	Artífice	Artífice	
58281	MISC	Pátria	Patria	Patria	
58289	PER	Alfonso	Alfonso XIII	Alfonso XIII de España	Q18363
58326	MISC	Pátria	Patria	Patria	
58426	LOC	Filipinas	Filipinas	Filipinas	
58734	MISC	FILIPINAS	Filipinas	Filipinas	
58881	ORG	FILIPINAS	Filipinas	Filipinas	
58894	MISC	Album	Álbum	Álbum	
58897	ORG	FILIPINAS	Filipinas	Filipinas	
58929	MISC	Album	Álbum	Álbum	
58932	MISC	FILIPINAS	Filipinas	Filipinas	
58946	ORG	FILIPINAS	Filipinas	Filipinas	
58966	MISC	Album	Álbum	Álbum	
58973	ORG	FILIPINAS	Filipinas	Filipinas	
59078,59079,59080,59081	MISC	Album del semanario Filipinas	Album del semanario Filipinas	Album del semanario Filipinas	
59135,59136,59137,59138	ORG	Empresa del semanario FILIPINAS	Empresa del semanario FILIPINAS	Empresa del semanario FILIPINAS	
59144	MISC	ÁLBUM	Álbum	Álbum	
59207	LOC	Filipinas	Filipinas	Filipinas	
59231,59232,59233	ORG	Comisión de Filipinas	Filipinas	Filipinas	
59237,59238	ORG	Asamblea Filipina	Filipinas	Filipinas	
59307,59308,59309	PER	Mrs. Helty Green	Mrs. Helty Green	Helty Green	
59321,59322,59323	PER	Mr Russell Sage	Mr Russell Sage	Russell Sage	Q3453498
59345,59346	PER	Von Bohlen	Von Bohlen	Peter van Bohlen	Q78113
59350	PER	Krupp	Krupp	Krupp	
59360,59361	PER	Ana Wauker	Ana Wauker	Ana Wauker	
59372	PER	Creel	Creel	Creel	
59381,59382	PER	Ogden Goelet	Ogden Goelet	Ogden Goelet	Q27926012
59384,59385,59386	PER	Duquesa de Roxburgh	Duquesa de Roxburgh	Duchess of Roxburghe	Q57266075
59394,59395	PER	Gladys Vanderbilt	Gladys Vanderbilt	Gladys Vanderbilt Széchenyi	Q276257
59397,59398,59399	PER	Condesa de Szechanbl	Condesa de Szechanbl	Condesa de Szechanbl	
59406,59407,59408	PER	Marquesa de Graham	Marquesa de Graham	Marquesa de Graham	
59412,59413,59414	PER	Duque de Hamilton	Duque de Hamilton	Jorge de Kent	Q160770
59428,59429	PER	Blundell Maple	Blundell Maple	Grace Emily Blundell Maple	Q76239791
59443,59444	PER	Jules Lebandy	Jules Lebandy	Jules Lebandy	
59460,59461,59462	PER	Emperador del Sahara	Emperador del Sahara	Emperador del Sahara	
59515,59516	PER	SAINT PROSPER	SAINT PROSPER	Próspero de Aquitania	Q454652
59543	PER	CARO	CARO	Caro	
59600	PER	THOMAS	THOMAS	Thomas	
59614,59615	PER	AIME Martin	AIME Martin	Aimé Martin	Q3260275
59653,59654,59655	PER	J . L	J . L	Juan Laurent	Q558371
59668	PER	BONALD	BONALD	Bonald	
59683	PER	LESSING	LESSING	Lessing	
59694	MISC	Caridad	Caridad	Caridad	
59740	PER	LEGOUVE	LEGOUVE	Ernest Legouvé	Q1333348
59776	PER	BUIGRICOUT	BUIGRICOUT	Buigricout	
59780	LOC	FILIPINAS	Filipinas	Filipinas	
59783,59784	MISC	MANILA FILATELICA	Manila Filatélica	Manila Filatélica	
59868,59869	LOC	Calle Soler	Calle Soler	Calle Soler	
59908,59909	MISC	EL SOL	EL SOL	El Sol	
59917,59918,59919	LOC	Calle de Enrile	Calle de Enrile	Calle de Enrile	
59922	LOC	Alcala	Alcala	Alcala	
59924,59925	LOC	Santa Cruz	Plaza de Santa Cruz	Plaza de Santa Cruz	
59927,59928,59929	MISC	Agua de Sibul	Agua de Sibul	Agua de Sibul	
59956,59957	LOC	EL GUADALETE	EL GUADALETE	El Guadalete	
59959	LOC	CRESPO	Crespo	Crespo	
59963,59964	LOC	Francisco Carreon	Francisco Carreon	Francisco Carreon	
59969	LOC	Maycawayan	Maycawayan	Maycawayan	
59997,59998,59999	ORG	Manila Railroad Comp	Manila Railroad Comp	Manila Railroad Comp	
60012	LOC	Meycawayan	Maycawayan	Maycawayan	
60014	LOC	Bulacan	Bulacan	Bulacan	
60026	LOC	Binondo	Binondo	Binondo	
60029	LOC	Manila	Manila	Manila	
60062	LOC	Manila	Manila	Manila	
60064	LOC	FILIPINAS	Filipinas	Filipinas	
60082	MISC	QUIROGA	QUIROGA	Quiroga	
60096	LOC	Crespo	Crespo	Crespo	
60101	LOC	Quiapo	Quiapo	Quiapo	
60103	LOC	Manila	Manila	Manila	
60121	LOC	VILLALOBOS	VILLALOBOS	Villalobos	
60124	LOC	QUIAPO	Quiapo	Quiapo	
60125	LOC	MANILA	Manila	Manila	
60152	LOC	FILIPINAS	Filipinas	Filipinas	
60155	ORG	GERMINAL	GERMINAL	Germinal	
60157,60158,60159,60160,60161,60162,60163	ORG	COMPANIA NACIONAL MANUFACTURERA DE TABACOS Y CIGARRILLOS	COMPANIA NACIONAL MANUFACTURERA DE TABACOS Y CIGARRILLOS	Compania Nacional Manufacturera de Tabacos y Cigarrillos	
60173,60174,60175	LOC	MARQUES DE COMILLAS	MARQUES DE COMILLAS	Marques de Comillas	
60178	LOC	MANILA	Manila	Manila	
60279	LOC	Filipinás	Filipinas	Filipinas	
60296	ORG	GERMINAL	GERMINAL	Germinal	
60298	ORG	KATAGALUGAN	KATAGALUGAN	Katagalugan	
60300	ORG	KAPISANAN	KAPISANAN	Kapisanan	
60302	ORG	FLOREAL	FLOREAL	Floreal	
60305	ORG	FLOREAL	FLOREAL	Floreal	
60318,60319	ORG	JOE BUSH	Joe Bush	Joe Bush	
60375,60376,60377,60378,60379	LOC	Plaza de Sta . Cruz	Plaza de Santa Cruz	Plaza de Santa Cruz	
60381	LOC	Manila	Manila	Manila	
60384,60385	LOC	La Esperanza	La Esperanza	La Esperanza	
60392	LOC	HERMANA	HERMANA	Hermana	
60393,60394	LOC	SAN PEDRO	SAN PEDRO	San Pedro	
60397	LOC	QUIAPO	Quiapo	Quiapo	
60424	LOC	Manila	Manila	Manila	
60441	LOC	FILIPINAS	Filipinas	Filipinas	
60459,60460	PER	FELICIDAD VILLARICA	FELICIDAD VILLARICA	Felicidad Villarica	
60467,60468	LOC	Sta Cruz	Plaza de Santa Cruz	Plaza de Santa Cruz	
60471	LOC	FILIPINAS	Filipinas	Filipinas	
60503,60504,60505,60506	PER	ISABELO DE LOS REYES	Isabelo de los Reyes	Isabelo de los Reyes	Q3550199
60513	MISC	TAGUMPAY	TAGUMPAY	Tagumpay	
60517,60518,60519,60520	ORG	UNION DE TIPOGRAFOS FILIPINOS	UNION DE TIPOGRAFOS FILIPINOS	Union de Tipografos Filipinos	
60552,60553,60554,60555	LOC	Plaza Sta · Cruz	Plaza de Santa Cruz	Plaza de Santa Cruz	
60562	LOC	MANILA	Manila	Manila	
60586,60587	PER	NENENG RIZAL	Neneng Rizal	Saturnina Hidalgo	Q7426830
60597,60598	LOC	CALLE LACOSTE	CALLE LACOSTE	Calle Lacoste	
60600,60601,60602	LOC	STA . CRUZ.--MANILA	STA . CRUZ.--MANILA	Sta. Cruz.--Manila	
60627	LOC	Legaspi	Legaspi	Legaspi	
60630	MISC	Kalibo	Kalibo	Kalibo	
60660,60661	ORG	E. U.	E. U.	E. U.	
60669,60670,60671	ORG	HARRIS & EWING	HARRIS & EWING	Harris & Ewing	
60676,60677,60678	PER	WILLIAM HOWARD TAFT	WILLIAM HOWARD TAFT	William Howard Taft	Q35648
60692,60693,60694	PER	WILLIAM HOWARD TAFT	WILLIAM HOWARD TAFT	William Howard Taft	Q35648
60766,60767,60768,60769,60770	LOC	Estados Unidos de Amé rica	Estados Unidos	Estados Unidos	
60789,60790	PER	Mr. Taft	Mr. Taft	William Howard Taft	Q35648
60837	PER	Taft	Taft	William Howard Taft	Q35648
60849,60850,60851	PER	Mrs . Taft	Mrs. Taft	Helen Herron Taft	Q255115
60880	PER	Taft	Taft	William Howard Taft	Q35648
60966	PER	Taft	Taft	William Howard Taft	Q35648
61006,61007,61008	PER	Mrs . Taft	Mrs. Taft	Helen Herron Taft	Q255115
61012,61013,61014,61015,61016	ORG	Liga Femenina de la Paz	Liga Femenina de la Paz	Liga Femenina de la Paz	
61055	LOC	Manila	Manila	Manila	
61080	LOC	Archipiélago	Archipiélago	Archipiélago	
61083,61084,61085	PER	Mrs . Taft	Mrs. Taft	Helen Herron Taft	Q255115
61104,61105	ORG	Comisión Civil	Filipinas	Filipinas	
61113,61114	ORG	Liga Femenina	Liga Femenina	Liga Femenina	
61125,61126,61127	PER	Mrs . Taft	Mrs. Taft	Helen Herron Taft	Q255115
61170	LOC	Manila	Manila	Manila	
61211,61212,61213,61214,61215	ORG	LIGA FEMENINA DE LA PAZ	Liga Femenina de la Paz	Liga Femenina de la Paz	
61222	PER	Presidenta	Presidenta	Helen Herron Taft	Q255115
61245,61246,61247	PER	Arsenio Cruz Herrera	Arsenio Cruz Herrera	Arsenio Cruz-Herrera	Q4796475
61275,61276	PER	Mrs. Taft	Mrs. Taft	Helen Herron Taft	Q255115
61290,61291,61292	PER	William H Taft	William H Taft	William Howard Taft	Q35648
61304,61305,61306,61307	LOC	Estados Unidos de América	Estados Unidos	Estados Unidos	
61324,61325,61326	PER	REINA DE ESPAÑA	REINA DE ESPAÑA	Victoria Eugenia de Battenberg	Q160001
61329,61330,61331	PER	VICTORIA EUGE .	VICTORIA EUGE .	Victoria Eugenia de Battenberg	Q160001
61339	PER	TENBERG	TENBERG	Victoria Eugenia de Battenberg	Q160001
61343,61344	PER	Alfonso XIII	Alfonso XIII	Alfonso XIII de España	Q18363
61348	LOC	España	España	España	
61353,61354,61355	PER	Enrique Batten berg	Enrique Batten berg	Enrique Batten berg	
61359,61360	PER	Princesa Beatriz	Princesa Beatriz	Beatriz del Reino Unido	Q158140
61367,61368	PER	Victoria I	Victoria I	Victoria del Reino Unido	Q9439
61373,61374,61375,61376,61377,61378	PER	Príncipe Alberto de Sajonia - Coburgo	Príncipe Alberto de Sajonia - Coburgo	Alberto de Sajonia-Coburgo-Gotha	Q152245
61380	PER	Go	Go	Go	
61388,61389	PER	Eduardo VII	Eduardo VII	Eduardo VII	Q20875
61394,61395,61396	LOC	castillo de Balmoral	castillo de Balmoral	castillo de Balmoral	
61411	PER	Eugenia	Eugenia	Eugenia de Montijo	Q157130
61415,61416	PER	Napoleón III	Napoleón III	Napoleón III	Q7721
61428,61429	PER	Alfonso XIII	Alfonso XIII	Alfonso XIII de España	Q18363
61432	PER	Vicioria	Vicioria	Vicioria	
61446,61447,61448,61449,61450	LOC	Trono de la Gran Bretaña	Gran Bretaña	Gran Bretaña	
61454,61455,61456	MISC	Act of Settlement	Act of Settlement	Act of Settlement	
61473	LOC	Inglaterra	Inglaterra	Inglaterra	
61494,61495,61496	MISC	Católica Apostólica Romana	Católica Apostólica Romana	Católica Apostólica Romana	
61574	LOC	España	España	España	
61594,61595	LOC	Gran Bretaña	Gran Bretaña	Gran Bretaña	
61627,61628	PER	Alfonso XIII	Alfonso XIII	Alfonso XIII de España	Q18363
61641	ORG	Estado	Estados Unidos	Estados Unidos	
61653	LOC	España	España	España	
61667	PER	Eva	Eva	Eva	Q830183
61680	PER	Eugenia	Eugenia	Eugenia de Montijo	Q157130
61702,61703,61704	PER	EMPERATRIZ DEL JAPÓN	EMPERATRIZ DEL JAPÓN	Empress Shōken	Q269520
61705	PER	HARUKO	HARUKO	Empress Shōken	Q269520
61709,61710	PER	MUTSU -HITO	MUTSU -HITO	Emperador Meiji	Q174231
61715	LOC	Japón	Japón	Japón	
61724	PER	HARUKO	HARUKO	Empress Shōken	Q269520
61837	LOC	Japón	Japón	Japón	
61839,61840	ORG	Cruz Roja	Cruz Roja	Cruz Roja	
61853	ORG	Rusia	Rusia	Rusia	
61897	LOC	Japón	Japón	Japón	
61906	MISC	Shintoista	Shintoista	Shintoista	
61908	MISC	Budhismo	Budhismo	Budhismo	
62092	LOC	Manila	Manila	Manila	
62658,62659	PER	Sainte Foix	Sainte Foix	Philippe-Auguste de Sainte-Foy d' Arcq	Q2087473
62787	PER	Chateaubriand	Chateaubriand	François-René de Chateaubriand	Q49767
62867	MISC	FILIPINAS	Filipinas	Filipinas	
63052	PER	Platón	Platón	Platón	Q859
63152	PER	Plutarco	Plutarco	Plutarco	Q41523
63314,63315	LOC	LA ESPERANZA	La Esperanza	La Esperanza	
63525	MISC	Colonia	Colonia	Colonia	
63713	MISC	Mujer	MUJER	Mujer	
63802	LOC	FILIPINAS	Filipinas	Filipinas	
63838	PER	Dios	Dios	Dios	Q190
63960	PER	SCHILLER	SCHILLER	Friedrich Schiller	Q22670
64082	MISC	Soles	Soles	Soles	
64122,64123,64124	PER	ROSA DE CÓRDOBA	ROSA DE CÓRDOBA	Rosa de Córdoba	
64137	MISC	Pátria	Patria	Patria	
64142	LOC	Filipinas	Filipinas	Filipinas	
64244	MISC	Pátria	Patria	Patria	
64257	PER	Rizal	Rizal	José Rizal	Q1500
64279	PER	Dios	Dios	Dios	Q190
64342	MISC	Pátria	Patria	Patria	
64380	PER	Rizal	Rizal	José Rizal	Q1500
64397,64398,64399,64400	MISC	Poesia de la Mujer	Poesia de la Mujer	Poesia de la Mujer	
64514	PER	Lamartine	Lamartine	Alphonse de Lamartine	Q188697
64528	PER	Balzac	Balzac	Honoré de Balzac	Q9711
64550,64551	PER	CECILIA GARCÍA	CECILIA GARCÍA	Cecilia García	
64575	MISC	FILIPINAS	Filipinas	Filipinas	
64578,64579,64580	MISC	Notas del Extranjero	Notas del Extranjero	Notas del Extranjero	
64582	LOC	Madrid	Madrid	Madrid	
64594	LOC	Italia	Italia	Italia	
64612	LOC	España	España	España	
64622,64623,64624	ORG	Orden de Beneficencia	Orden de Beneficencia	Orden de Beneficencia	
64630,64631	MISC	Gran Cruz	Gran Cruz	Gran Cruz	
64645,64646	PER	Isabel II	Isabel II	Isabel II de España	Q183085
64805	MISC	Caridad	Caridad	Caridad	
64822,64823	PER	Isabel II	Isabel II	Isabel II de España	Q183085
64849,64850	PER	Reina Elena	Reina Elena	Elena de Grecia	Q162177
64866,64867,64868,64869	PER	Princesa Luisa de Orleans	Princesa Luisa de Orleans	Luisa de Orleans	Q436517
64874,64875	PER	Carolina Ulloa	Carolina Ulloa	Carolina Ulloa	
64877	PER	Calderón	Calderón	Pedro Calderón de la Barca	Q170800
64879	PER	Condesa	Condesa	Condesa	
64881	PER	Campo	Campo	Petrio del Campo	Q33665785
64882	LOC	Giro	Giro	Giro	
64886,64887,64888,64889	PER	Concepción Manso de Zúñiga	Concepción Manso de Zúñiga	María de la Concepción Manso de Zúñiga	Q100276496
64894,64895,64896,64897	PER	Con des de Hervás	Con des de Hervás	Con des de Hervás	
64899,64900,64901	PER	D.a Cristina Nilson	D.a Cristina Nilson	Christina Nilsson, 1843-1921, opera-singer, as Ofelia	Q18578929
64903	PER	Condesa	Condesa	Condesa	
64906	LOC	Casa-Miranda	Casa-Miranda	Casa-Miranda	
64909,64910	PER	Ana Ponce	Ana Ponce	Ana Ponce	Q112535826
64912,64913,64914,64915	PER	D.a Melchora Tobes Andreaga	D.a Melchora Tobes Andreaga	Melchora Tobes Andreaga	
64917,64918,64919	PER	D.a Alicia Aramis	D.a Alicia Aramis	Alicia Aramis	
64921	PER	Mora	Mora	Mora	
64930,64931,64932	PER	Reina de Italia	Reina de Italia	Reina de Italia	
64959,64960,64961	PER	Elena de Montenegro	Elena de Montenegro	Elena de Montenegro	Q181530
64974	LOC	Italia	Italia	Italia	
65009,65010,65011,65012	ORG	Asociación de la Prensa	Asociación de la Prensa	Asociación de la Prensa	
65019,65020	LOC	teatro Real	teatro Real	teatro Real	
65181	PER	Beatriz	Beatriz	Beatriz	
65186	PER	Alfonso	Alfonso XIII	Alfonso XIII de España	Q18363
65208	PER	Alfonso	Alfonso XIII	Alfonso XIII de España	Q18363
65213	MISC	Pátria	Patria	Patria	
65220	PER	Beatriz	Beatriz	Beatriz	
65230	PER	Beatriz	Beatriz	Beatriz	
65257	PER	Beatriz	Beatriz	Beatriz	
65300	MISC	Pátria	Patria	Patria	
65336,65337,65338	PER	DOLORES C. VELARDE	DOLORES C. VELARDE	Dolores C. Velarde	
65351	PER	Rabl	Rabl	Carl Rabl	Q112448
65371,65372,65373	PER	Egmont La Pareto	Egmont La Pareto	Egmont La Pareto	
65375	PER	Perea	Perea	Perea	
65377,65378	PER	Titta Ruffo	Titta Ruffo	Titta Ruffo	
65380	PER	Mansueto	Mansueto	Mansueto	
65382,65383,65384	PER	Verdarguer la Barca	Verdarguer la Barca	Verdarguer la Barca	
65386	PER	Oliver	Oliver	Oliver	
65396,65397,65398,65399	MISC	El Barbero de Sevilla	El Barbero de Sevilla	El Barbero de Sevilla	
65419	MISC	Aida	Aida	Aida	
65428	PER	Orduña	Orduña	Orduña	
65431,65432	PER	Parti Leliva	Parti Leliva	Parti Leliva	
65434	PER	Cigada	Cigada	Cigada	
65436	PER	Vidal	Vidal	Vidal	
65453,65454	PER	Titta Ruffo	Titta Ruffo	Titta Ruffo	
65463	PER	Polastri	Polastri	Polastri	
65498	MISC	Marechaiari	Marechaiari	Marechaiari	
65500,65501,65502	MISC	Torna á Tórrento	Torna á Tórrento	Torna á Tórrento	
65504,65505	MISC	Mari- Mari	Mari- Mari	Mari- Mari	
65516	MISC	SALOMÉ	SALOMÉ	Salomé	
65517,65518	PER	' NUÑEZ	' NUÑEZ	Nuñez	
65544	MISC	FILIPINAS	Filipinas	Filipinas	
65621,65622	PER	CONSTANCIA POBLETE	Constancia Poblete	Constancia Poblete	
65627,65628	PER	FRANCISCA GESMUNDO	Francisca Gesmundo	Francisca Gesmundo	
65656	LOC	Maynila	Manila	Manila	
65922	ORG	FILIPINAS	Filipinas	Filipinas	
66139,66140,66141,66142	LOC	Plaza de Santa Cruz	Plaza de Santa Cruz	Plaza de Santa Cruz	
66151	LOC	FILIPINAS	Filipinas	Filipinas	
66520,66521,66522	PER	CRISPULO LAYOG DENTISTA	CRISPULO LAYOG DENTISTA	Crispulo Layog Dentista	
66524,66525	LOC	Plaza Miranda	Plaza Miranda	Plaza Miranda	
66530	LOC	Qniapo	Quiapo	Quiapo	
66532	LOC	Manila	Manila	Manila	
66558	ORG	Pátria	Patria	Patria	
66748	LOC	Europa	Europa	Europa	
66751	LOC	America'y	América	América	
66946	LOC	Malolos	Malolos	Malolos	
66966	LOC	FILIPINAS	Filipinas	Filipinas	
67295	PER	Lumikha	Lumikha	Lumikha	
67387,67388,67389,67390	PER	Pilar J. Lázaro .	Pilar J. Lázaro .	Pilar J. Lázaro.	
67399,67400,67401	PER	Ramón R. Papa	Ramón R. Papa	Ramón R. Papa	
67810,67811	PER	Elisa Romero	Elisa Romero	Elisa Romero	
67853	LOC	Kalumpit	Kalumpit	Kalumpit	
67894,67895	PER	María Cruz	María Cruz	María Cruz	
67900	MISC	FILIPINAS	Filipinas	Filipinas	
67910,67911	PER	CONSTANCIA POBLETE	Constancia Poblete	Constancia Poblete	
67935	PER	Liwayway	Liwayway	Liwayway	
67975	PER	Luis	Luis	Luis	
68002	PER	Bulaklak	Bulaklak	Bulaklak	
68016	PER	Liwayway	Liwayway	Liwayway	
68032,68033,68034	PER	G . Anselmo	Anselmo	Anselmo	
68047	PER	Anselmo	Anselmo	Anselmo	
68066	PER	Ligaya	Ligaya	Ligaya	
68073	PER	Patricio	Patricio	Patricio	
68089,68090	PER	. Mapagsikap	. Mapagsikap	. Mapagsikap	
68101	PER	Liwayway	Liwayway	Liwayway	
68111	PER	Patricio	Patricio	Patricio	
68116,68117	PER	. Mapagsikap	. Mapagsikap	. Mapagsikap	
68119	PER	Bulaklak	Bulaklak	Bulaklak	
68140	PER	Ligaya	Ligaya	Ligaya	
68163	PER	Liwayway	Liwayway	Liwayway	
68211	PER	Luis	Luis	Luis	
68223	PER	Liwayway	Liwayway	Liwayway	
68226	PER	Anselmo't	Anselmo	Anselmo	
68227	PER	Patricio	Patricio	Patricio	
68238	PER	Bulaklak	Bulaklak	Bulaklak	
68283	PER	Ligaya	Ligaya	Ligaya	
68299	PER	Liwayway	Liwayway	Liwayway	
68332	PER	Luis	Luis	Luis	
68362	PER	Bulaklak	Bulaklak	Bulaklak	
68375,68376,68377	PER	G . Luis	G. Luis	G. Luis	
68380	PER	Liwayway	Liwayway	Liwayway	
68389	PER	Ligaya	Ligaya	Ligaya	
68407,68408	PER	G. Luis	G. Luis	G. Luis	
68418	PER	Luis	Luis	Luis	
68424	PER	Patricio	Patricio	Patricio	
68435	PER	Anselmo	Anselmo	Anselmo	
68447	PER	Liwayway	Liwayway	Liwayway	
68466	PER	Anselmo	Anselmo	Anselmo	
68468	PER	Bulaklak	Bulaklak	Bulaklak	
68502	PER	Patricio	Patricio	Patricio	
68507,68508,68509	PER	Bb . Liwayway	Bb . Liwayway	Bb. Liwayway	
68520	PER	Ligaya	Ligaya	Ligaya	
68526	PER	Luis	Luis	Luis	
68532,68533	PER	Bb Ligaya	Bb Ligaya	Bb Ligaya	
68549	PER	Liwayway	Liwayway	Liwayway	
68569	PER	Anselmo	Anselmo	Anselmo	
68595	PER	Bulaklak	Bulaklak	Bulaklak	
68604	PER	Luis	Luis	Luis	
68618,68619,68620	PER	Bb . Bulaklak	Bb . Bulaklak	Bb. Bulaklak	
68633	PER	Ligaya	Ligaya	Ligaya	
68668	LOC	Egiptong	Egipto	Egipto	
68671	PER	Semiramis	Semiramis	Semiramis	Q107996086
68674	LOC	Españang	España	España	
68677,68678,68679,68680	PER	"Isabel "" la Católica"	"Isabel "" la Católica"	Isabel I de Castilla	Q45859
68684	LOC	Inglaterrang	Inglaterra	Inglaterra	
68690	PER	Victoria	Victoria I	Victoria del Reino Unido	Q9439
68819	LOC	FILIPINAS	Filipinas	Filipinas	
68845	LOC	Maynila'y	Manila	Manila	
68975	LOC	Filipinas	Filipinas	Filipinas	
69000	LOC	Maynila	Manila	Manila	
69007	LOC	FILIPINAS	Filipinas	Filipinas	
69035	LOC	FILIPINAS	Filipinas	Filipinas	
69070	LOC	Maynila’y	Manila	Manila	
69102,69103,69104	PER	Antonio F. Oliveros	Antonio F. Oliveros	Antonio F. Oliveros	
69121,69122,69123	PER	Francisco de Guia	Francisco de Guia	Francisco de Guia	
69126	LOC	CEBU	Cebú	Cebú	
69128	LOC	CEBU	Cebú	Cebú	
69129,69130,69131	PER	Guillermo Flavier Pablo	Guillermo Flavier Pablo	Guillermo Pablo	Q20579244
69138,69139,69140,69141	LOC	Calderon de la Barca	Calderon de la Barca	Calderon de la Barca	
69143,69144,69145	LOC	Plaza de Binondo	Plaza de Binondo	Plaza de Binondo	
69149	LOC	Manila	Manila	Manila	
69158,69159	PER	SINAMAY LEGASPI	SINAMAY LEGASPI	Sinamay Legaspi	
69184,69185,69186	LOC	calle Obando N.o	calle Obando N.o	calle Obando N.o	
69189,69190,69191	LOC	Sta . Cruz	Plaza de Santa Cruz	Plaza de Santa Cruz	
69213,69214	ORG	INTERNTATIONAL STUDIO	International Studio	International Studio	
69220	LOC	MANILA	Manila	Manila	
69223	MISC	FILIPINAS	Filipinas	Filipinas	
69226	MISC	MANILAFILATELICA	Manila Filatélica	Manila Filatélica	
69271	MISC	Legislación	Legislación	Legislación	
69273	MISC	Jurisprudencia	Jurisprudencia	Jurisprudencia	
69305	MISC	Espiritismo	Espiritismo	Espiritismo	
69308,69309	LOC	Calle Soler	Calle Soler	Calle Soler	
69340,69341	ORG	EL SOL	EL SOL	El Sol	
69351,69352,69353	LOC	Calle de Enrile	Calle de Enrile	Calle de Enrile	
69356	LOC	Alcala	Alcala	Alcala	
69358,69359	LOC	Santa Cruz	Plaza de Santa Cruz	Plaza de Santa Cruz	
69363	MISC	Sibul	Sibul	Sibul	
69388,69389	LOC	EL GUADALETE	EL GUADALETE	El Guadalete	
69391	LOC	CRESPO	Crespo	Crespo	
69395,69396	PER	Francisco Carreon	Francisco Carreon	Francisco Carreón	Q903319
69400	LOC	Maycawayan	Maycawayan	Maycawayan	
69427,69428,69429	ORG	Manila Railroad Comp	Manila Railroad Comp	Manila Railroad Comp	
69441	LOC	Meycawayan	Maycawayan	Maycawayan	
69443	LOC	Bulacan	Bulacan	Bulacan	
69453	LOC	Binondo	Binondo	Binondo	
69455	LOC	Manila	Manila	Manila	
69460,69461,69462	MISC	Noli me tangere	Noli me tangere	Noli me tangere	
69466	MISC	Filibusterismo	Filibusterismo	Filibusterismo	
69482,69483,69484	PER	G. Saturnina Rizal	Saturnina Rizal	Saturnina Hidalgo	Q7426830
69486,69487	PER	Neneng Rizal	Neneng Rizal	Saturnina Hidalgo	Q7426830
69542	LOC	Maynila	Manila	Manila	
69618	PER	G.	G.	G.	
69620,69621	PER	Saturnina Rizal	Saturnina Rizal	Saturnina Hidalgo	Q7426830
69625	LOC	Lacoste	Lacoste	Lacoste	
69630,69631,69632	LOC	Sta . Cruz	Plaza de Santa Cruz	Plaza de Santa Cruz	
69634	LOC	Maynila	Manila	Manila	
69638	LOC	FILIPINAS	Filipinas	Filipinas	
69670	LOC	Manila	Manila	Manila	
69688	MISC	QUIROGA	QUIROGA	Quiroga	
69702	LOC	Crespo	Crespo	Crespo	
69708	LOC	Quiapo	Quiapo	Quiapo	
69710	LOC	Manila	Manila	Manila	
69727	LOC	VILLALOBOS	VILLALOBOS	Villalobos	
69730	LOC	QUIAPO	Quiapo	Quiapo	
69731	LOC	MANILA	Manila	Manila	
69746	ORG	FILIPINAS	Filipinas	Filipinas	
69749,69750,69751,69752,69753,69754,69755	ORG	COMPANIA NACIONAL MANUFACTURERA DE TABACOS Y CIGARRILLOS	COMPANIA NACIONAL MANUFACTURERA DE TABACOS Y CIGARRILLOS	Compania Nacional Manufacturera de Tabacos y Cigarrillos	
69765,69766,69767	LOC	MARQUES DE COMILLAS	MARQUES DE COMILLAS	Marques de Comillas	
69770	LOC	MANILA	Manila	Manila	
69870	LOC	Filipinas	Filipinas	Filipinas	
69886	ORG	GERMINAL	GERMINAL	Germinal	
69888	ORG	KATAGALUGAN	KATAGALUGAN	Katagalugan	
69890	ORG	KAPISANAN	KAPISANAN	Kapisanan	
69892	ORG	FLOREAL	FLOREAL	Floreal	
69895	MISC	FLOREAL	FLOREAL	Floreal	
69896,69897,69898	MISC	THE JOE BUSH	Joe Bush	Joe Bush	
69951,69952,69953,69954,69955	LOC	Plaza de Sta . Cruz	Plaza de Santa Cruz	Plaza de Santa Cruz	
69957	LOC	Manila	Manila	Manila	
69969,69970	LOC	SAN PEDRO	SAN PEDRO	San Pedro	
69973	LOC	QUIAPO	Quiapo	Quiapo	
69994	LOC	FILIPINAS	Filipinas	Filipinas	
70018	MISC	MUJER	MUJER	Mujer	
70021,70022	PER	CONSTANCIA POBLETE	Constancia Poblete	Constancia Poblete	
70027,70028	PER	FRANCISCA GESMUNDO	Francisca Gesmundo	Francisca Gesmundo	
70237	ORG	Pátria	Patria	Patria	
70338	MISC	Creación	Creación	Creación	
70879	PER	Criador	Criador	Criador	
70987	LOC	FILIPINAS	Filipinas	Filipinas	
70991	MISC	Semanario	Semanario	Semanario	
71021	LOC	Manila	Manila	Manila	
71050,71051,71052	LOC	calle de Misericordia	Calle de Misericordia	Calle de Misericordia	
71059	LOC	Cruz	Cruz	Cruz	
71061	LOC	Manila	Manila	Manila	
71104	LOC	Tillanueva	Tillanueva	Tillanueva	
71107,71108	PER	Constancia PobletePilar	Constancia Poblete	Constancia Poblete	
71109	PER	Lazaro	Lazaro	Lazaro	
71113	LOC	Legaspi	Legaspi	Legaspi	
71116	LOC	FILIPINAS	Filipinas	Filipinas	
71145,71146	PER	Constancia Poblete	Constancia Poblete	Constancia Poblete	
71151,71152	PER	Francisca Gesmundo	Francisca Gesmundo	Francisca Gesmundo	
71169	PER	Dios	Dios	Dios	Q190
71301	LOC	FILIPINAS	Filipinas	Filipinas	
71396	LOC	Filipinas	Filipinas	Filipinas	
71422,71423	PER	José Rizal	José Rizal	José Rizal	Q1500
71425,71426	PER	Andrés Bonifacio	Andrés Bonifacio	Andrés Bonifacio	Q313604
71428,71429,71430,71431	PER	Marcelo H. del Pilar	Marcelo H. del Pilar	Marcelo H. del Pilar	Q312542
71433,71434,71435	PER	Graciano Lopez Jaena	Graciano Lopez Jaena	Graciano López Jaena	Q3550192
71437,71438	PER	José Burgos	José Burgos	José Apolonio Burgos	Q983553
71440,71441	PER	Jacinto Zamora	Jacinto Zamora	Jacinto Zamora	Q562592
71443,71444	PER	Mariano Gómez	Mariano Gómez	Mariano Gómez	Q1707398
71446,71447	PER	Antonio Luna	Antonio Luna	Antonio Luna	Q602912
71449,71450,71451	PER	Modesto de Castro	Modesto de Castro	Modesto de Castro	Q20577069
71453,71454,71455	PER	Candido Tria Tirona	Candido Tria Tirona	Candido Tirona	Q56887765
71457,71458,71459	PER	Anacleto del Rosario	Anacleto del Rosario	Anacleto del Rosario	Q2089028
71461,71462	PER	Apolinario Mabini	Apolinario Mabini	Apolinario Mabini	Q318481
71464,71465	PER	Juan Luna	Juan Luna	Juan Luna	Q28867
71467,71468	PER	Pedro Pilapil	Pedro Pilapil	Pedro Pilapil	
71470,71471,71472,71473	PER	Francisco Baltakar Simplicio Solís	Francisco Baltazar	Francisco H. Baltazar	Q12175922
71475,71476	PER	Wenceslao Bonus	Wenceslao Bonus	Wenceslao Bonus	
71478,71479	PER	Mariano García	Mariano García	Mariano García	
71481,71482	PER	Gregorio Ballesteros	Gregorio Ballesteros	Gregorio Ballesteros	
71495	LOC	Filipinas	Filipinas	Filipinas	
71549,71550	PER	Cayetano Arellano	Cayetano Arellano	Cayetano Arellano	Q562584
71551,71552,71553	PER	Fernando M.a Guerrero	Fernando M.a Guerrero	Fernando María Guerrero Ramírez	Q2254593
71555,71556,71557	PER	Teudoro M. Kalaw	Teodoro M. Kalaw	Teodoro M. Kalaw	Q6141784
71559,71560,71561	PER	Leon M. Guerrero	Leon M. Guerrero	León María Guerrero	Q6538247
71563,71564,71565	PER	Fidel A. Reyes	Fidel A. Reyes	Fidel Reyes	Q1836416
71567,71568,71569	PER	Lope K. Santos	Lope K. Santos	Lope K. Santos	Q3543390
71571,71572	PER	Faustino Aguilar	Faustino Aguilar	Faustino Aguilar	Q5438309
71574,71575	PER	Cárlos Ronquillo	Cárlos Ronquillo	Carlos Ronquillo	Q55837524
71577,71578,71579	PER	Isabelo delos Reyes	Isabelo de los Reyes	Isabelo de los Reyes	Q3550199
71581,71582	PER	Ignacio Villamor	Ignacio Villamor	Ignacio Villamor	Q3043045
71584,71585	PER	Ramón Diokno	Ramón Diokno	Ramon Diokno	Q2379985
71588,71589	PER	Justo Lukban	Justo Lukban	Justo Lukban	Q16504713
71591,71592	PER	Macario Adriático	Macario Adriático	Macario Adriático	Q12967528
71594,71595,71596,71597	PER	Jaime C. de Veyra	Jaime C. de Veyra	Jaime de Veyra	Q2597955
71599,71600	PER	Rafael Palma	Rafael Palma	Rafael Palma	Q2789851
71602,71603,71604,71605	PER	Luciano de la Rosa	Luciano de la Rosa	Luciano de la Rosa	
71607,71608	PER	Gregorio Araneta	Gregorio Araneta	Gregorio Araneta	Q2044223
71610,71611,71612	PER	Arsenio Cruz Herrera	Arsenio Cruz Herrera	Arsenio Cruz-Herrera	Q4796475
71614,71615	PER	Pacífico Victoriano	Pacífico Victoriano	Pacífico Victoriano	
71617,71618	PER	Cecilio Apóstol	Cecilio Apóstol	Cecilio Apóstol	Q3356844
71620,71621,71622	PER	PasCual H. Poblete	PasCual H. Poblete	پاسكوال اتش. پوبليت	Q7141864
71631	LOC	Filipinas	Filipinas	Filipinas	
71678	MISC	Bayan	Bayan	Bayan	
71818,71819	LOC	Sangkapuhang Filipinas	Filipinas	Filipinas	
71842	MISC	Bayang	Bayan	Bayan	
71868	LOC	Filipinas	Filipinas	Filipinas	
71929	MISC	Bayan	Bayan	Bayan	
72149,72150	MISC	Santong Kasulatan	Santong Kasulatan	Santong Kasulatan	
72198	LOC	Filipinas	Filipinas	Filipinas	
72220	LOC	FILIPINAS	Filipinas	Filipinas	
72233	LOC	filipina'y	Filipinas	Filipinas	
72247	LOC	Filipinas	Filipinas	Filipinas	
72326	LOC	MayKapal	MayKapal	MayKapal	
72598	LOC	Sangkapuluang	Sangkapuluang	Sangkapuluang	
72614	LOC	FILIPINAS	Filipinas	Filipinas	
72716	LOC	Maynila	Manila	Manila	
